"Lake","Gear","Species","OverallSlope","OverallSlopeBacktransformed","totalVar"
"East Lake","Adirondacks Angling","Brook Trout",0.195229394671649,0.0159777557993612,0.0191269655852995
"Little Moose Lake","Adirondacks Angling","Lake Trout",0.275985717613958,0.0225869286106414,0.00950904090994317
"Panther Lake","Adirondacks Angling","Brook Trout",0.0352270284534933,0.00288301287372069,0.0347261280557975
"Rock Lake","Adirondacks Angling","Brook Trout",0.0053062791708871,0.000434270837843163,0.0262280144129766
"East Lake","Adirondacks Backpack Electrofishing","Brook Trout",0.287149755514477,0.0235006038879187,0.020786398227085
"Panther Lake","Adirondacks Backpack Electrofishing","Brook Trout",0.0898109186589716,0.00735020937222483,0.0218026053603085
"First Bisby Lake","Adirondacks Boat Electrofishing","Lake Trout",0.150569728974832,0.0123227670934597,0.0200958669035885
"Little Moose Lake","Adirondacks Boat Electrofishing","Lake Trout",-0.546627122373151,-0.0447364736712675,0.00977318815594566
"Little Moose Lake","Adirondacks Boat Electrofishing","Round Whitefish",-0.531018485137202,-0.0434590482377857,0.010002235356062
"East Lake","Adirondacks Gillnet","Brook Trout",0.0417959208385379,0.0034206171549666,0.0125289106675619
"First Bisby Lake","Adirondacks Gillnet","Lake Trout",-0.445594615048926,-0.0364678790134874,0.0136310769269261
"Little Moose Lake","Adirondacks Gillnet","Lake Trout",0.131228501778891,0.0107398630153292,0.00911846869771204
"Little Moose Lake","Adirondacks Gillnet","Round Whitefish",0.146837139014841,0.012017288448811,0.00934751589782841
"Panther Lake","Adirondacks Gillnet","Brook Trout",0.0672333115141491,0.00550243693969436,0.0137950451941508
"Rock Lake","Adirondacks Gillnet","Brook Trout",-0.0704584608661373,-0.00576638617156696,0.0159538195431892
"Second Bisby Lake","Adirondacks Gillnet","Lake Trout",-0.137472828602026,-0.0112509045481847,0.0132693998202954
"Wilmurt Lake","Adirondacks Gillnet","Brook Trout",-0.135918179919642,-0.0111236706496076,0.0148975357796216
"East Lake","Adirondacks Trap net","Brook Trout",-0.0581620934533922,-0.00476003999060124,0.0107605123115745
"First Bisby Lake","Adirondacks Trap net","Lake Trout",-0.238230018044594,-0.0194969669336719,0.0115939769230688
"Little Moose Lake","Adirondacks Trap net","Lake Trout",0.103755398958891,0.00849143864948526,0.00910268189129447
"Little Moose Lake","Adirondacks Trap net","Round Whitefish",0.119364036194841,0.00976886408296706,0.00933172909141084
"Panther Lake","Adirondacks Trap net","Brook Trout",0.435179632122079,0.0356155070940869,0.0126272220279022
"Rock Lake","Adirondacks Trap net","Brook Trout",0.224190351572342,0.0183479475312638,0.0124505037681896
"Second Bisby Lake","Adirondacks Trap net","Lake Trout",-0.0579992615261241,-0.00474671367375943,0.0157433785674321
"Wilmurt Lake","Adirondacks Trap net","Brook Trout",0.0608876454762223,0.00498310171095578,0.0130140724877722
"E 05","Arctic LTER Angling","Arctic Char",0.0650901478961039,0.00532703842972718,0.0136799388266179
"Fog Lake 1","Arctic LTER Angling","Arctic Char",-0.13828343795688,-0.0113172455740446,0.0157374460674706
"Fog Lake 2","Arctic LTER Angling","Arctic Char",0.163015147869506,0.0133413117867642,0.0162387423064607
"Fog Lake 3","Arctic LTER Angling","Arctic Char",-0.769389142947932,-0.0629675252611282,0.0237151516882719
"Fog Lake 5","Arctic LTER Angling","Arctic Char",0.0700860885839811,0.00573591087659025,0.0264490628798638
"I8","Arctic LTER Angling","Arctic Grayling",-0.0672489641847618,-0.00550371796886047,0.0204205767361523
"N 01","Arctic LTER Angling","Arctic Grayling",0.965717810025019,0.0790352465397175,0.0195691393491287
"N 01","Arctic LTER Angling","Lake Trout",0.941895732809403,0.0770856255155639,0.019114534107188
"NE 12","Arctic LTER Angling","Lake Trout",-0.0507097528655063,-0.00415013348422103,0.0156099493003798
"NE 12","Arctic LTER Angling","Arctic Grayling",-0.0268876756498903,-0.00220051246006738,0.0160645545423206
"Toolik","Arctic LTER Angling","Lake Trout",-0.213978874102794,-0.0175122306883492,0.0232149113212098
"E 05","Arctic LTER Gillnet","Arctic Char",-0.0208973549778393,-0.00171025902759185,0.0160696504475002
"Fog Lake 1","Arctic LTER Gillnet","Arctic Char",-0.0270515884793432,-0.00221392723895243,0.0259523745444248
"Fog Lake 2","Arctic LTER Gillnet","Arctic Char",0.221515660278691,0.0181290483004358,0.0307370323799116
"NE 12","Arctic LTER Gillnet","Arctic Grayling",-0.00540760652714736,-0.000442563563212948,0.0156096207858655
"NE 12","Arctic LTER Gillnet","Lake Trout",-0.0292296837427634,-0.0023921845873666,0.0151550155439247
"Toolik","Arctic LTER Gillnet","Round Whitefish",-0.256404956068292,-0.0209844208178556,0.0152314939675123
"Toolik","Arctic LTER Gillnet","Lake Trout",-0.272013593304242,-0.0222618462513374,0.0150024467673959
"Bear Lake","Bear Lake AFS Gillnet: 19-63.5mm","Bonneville Whitefish",0.274527694750549,0.0224676026592363,0.0153440527386005
"Bear Lake","Bear Lake Experimental Gillnet: 12.7-50.8mm","Bonneville Whitefish",0.335951111121008,0.0274945523600243,0.0133913990008605
"Crooked Lake (IN)","Indiana Gill net- 250ft","Cisco",0.531033955834208,0.0434603143740621,0.0253140658708437
"Lake Constance","Lake Constance: 44mm Gillnet","Coregonus wartmanni",0.0073624040508956,0.000602546016286552,0.0155977207608357
"Erie","Lake Erie Gillnet:38.1-203.2","Lake Whitefish",0.1871663651487,0.0153178699407926,0.0128763555613085
"Erie","Lake Erie Multi:38.1-152.4","Lake Whitefish",0.280539947287587,0.0229596510160037,0.0183969990476587
"Huron","Lake Huron Gillnet:101.6-152.4","Lake Whitefish",0.304136139889055,0.0248907854325962,0.0164020404407053
"Huron","Lake Huron Gillnet:25.4-127","Lake Whitefish",0.764609088381143,0.0625763211358261,0.0074111675392898
"Huron","Lake Huron Gillnet:25.4-127","Cisco",0.767438599641862,0.0628078909771984,0.00740798985287791
"Huron","Lake Huron Gillnet:31.8-127","Cisco",0.863632345110888,0.0706804768504219,0.00606132243695257
"Huron","Lake Huron Gillnet:31.8-127","Lake Whitefish",0.860802833850169,0.0704489070090496,0.00606450012336446
"Huron","Lake Huron Gillnet:31.8-152.4","Cisco",-0.400631164068885,-0.0327880282365902,0.00605675192490964
"Huron","Lake Huron Gillnet:31.8-152.4","Lake Whitefish",-0.403460675329604,-0.0330195980779624,0.00605992961132154
"Huron","Lake Huron Gillnet:38.1-127","Cisco",-0.492867059832593,-0.0403366999974511,0.00598519462223316
"Huron","Lake Huron Gillnet:38.1-127","Lake Whitefish",-0.495696571093312,-0.0405682698388233,0.00598837230864505
"Huron","Lake Huron Gillnet:50.8-152.4","Lake Whitefish",0.149023398703823,0.0121962139814302,0.00565409064522273
"Huron","Lake Huron Gillnet:50.8-152.4","Cisco",0.151852909964542,0.0124277838228024,0.00565091295881084
"Huron","Lake Huron Gillnet:76.2-127","Lake Whitefish",0.469215270801827,0.0384010155172161,0.0112244953413912
"Huron","Lake Huron Nylon Multi Gillnet:25.4-127","Lake Whitefish",-0.596279820713924,-0.0488000968270044,0.0168822341642782
"Huron","Lake Huron Nylon Multi Gillnet:25.4-127","Cisco",-0.593450309453205,-0.0485685269856322,0.0168790564778663
"Huron","Lake Huron Nylon Multi Gillnet:38.1-127","Lake Whitefish",-0.186297235487215,-0.0152467395584414,0.00583298064294572
"Huron","Lake Huron Nylon Multi Gillnet:38.1-127","Cisco",-0.183467724226496,-0.0150151697170692,0.00582980295653382
"Huron","Lake Huron Nylon Multi Gillnet:50.8-76.2","Lake Whitefish",0.087433875146347,0.00715566991348682,0.0135044053726061
"Huron","Lake Huron Trawl","Lake Whitefish",0.0213276282232333,0.00174547299141869,0.0254378111063499
"Michigan","Lake Michigan Gillnet:114.3-152.4","Lake Whitefish",0.203486400238204,0.0166535168383086,0.00623792607655267
"Michigan","Lake Michigan Gillnet:114.3-152.4","Cisco",0.206315911498923,0.0168850866796808,0.00623474839014078
"Michigan","Lake Michigan Gillnet:114.3-165.1","Lake Whitefish",-0.083882198196876,-0.00686499735840202,0.0267581146848144
"Michigan","Lake Michigan Gillnet:38.1-152.4","Cisco",0.474770105787177,0.0388556283948053,0.00571199600027483
"Michigan","Lake Michigan Gillnet:38.1-152.4","Lake Whitefish",0.471940594526458,0.0386240585534331,0.00571517368668672
"Michigan","Lake Michigan Gillnet:50.8-152.4","Cisco",0.429094158464585,0.0351174662525096,0.00596028147744512
"Michigan","Lake Michigan Gillnet:50.8-152.4","Lake Whitefish",0.426264647203866,0.0348858964111374,0.00596345916385702
"Michigan","Lake Michigan Gillnet:63.5-152.4","Lake Whitefish",0.445628139345993,0.0364706226732359,0.00654877410422909
"Michigan","Lake Michigan Gillnet:63.5-165.1","Lake Whitefish",-0.287308139503178,-0.0235135661813185,0.00803016998260557
"Michigan","Lake Michigan Nylon Multi:114.3-152.4","Lake Whitefish",0.197644201823191,0.0161753858695398,0.0133014868587091
"Michigan","Lake Michigan Nylon Multi:50.8-152.4","Lake Whitefish",0.132351915620325,0.0108318042522021,0.0088527320724998
"Michigan","Lake Michigan Nylon Multi:63.5-152.4","Lake Whitefish",0.251050802716592,0.0205462319123904,0.0113259188602893
"Michigan","Lake Michigan YP Gillnet: 25.4-82.55","Round Whitefish",-0.394864933680637,-0.0323161145620063,0.0108624882009601
"Michigan","Lake Michigan YP Gillnet: 50.8-82.55","Round Whitefish",0.223387116318036,0.0182822100086723,0.0173861487851281
"Ontario","Lake Ontario Gillnet:38.1-152.4","Cisco",0.181885936499174,0.0148857147337349,0.0123873486717111
"Ontario","Lake Ontario Gillnet:38.1-152.4","Lake Whitefish",0.179056425238455,0.0146541448923627,0.012390526358123
"Ontario","Lake Ontario Gillnet:50.8-152.4","Lake Whitefish",-0.0053002765234467,-0.000433779575576465,0.0152159874057887
"Ontario","Lake Ontario Gillnet:50.8-152.4","Cisco",-0.00247076526272778,-0.00020220973420424,0.0152128097193768
"Superior","Lake Superior Gillnet:114.3","Lake Whitefish",-0.003526447206615,-0.000288607729391357,0.00723652076958953
"Superior","Lake Superior Gillnet:114.3","Cisco",-0.000696935945896093,-5.70378880191325e-05,0.00723334308317764
"Superior","Lake Superior Gillnet:114.3","Lake Trout",-0.0352261806673473,-0.00288294349011157,0.00723862168854192
"Superior","Lake Superior Gillnet:139.7-152.4","Cisco",0.0839321299037965,0.00686908381588023,0.0072420517564933
"Superior","Lake Superior Gillnet:139.7-152.4","Lake Trout",0.0494028851823453,0.00404317821378779,0.00724733036185759
"Superior","Lake Superior Gillnet:139.7-152.4","Lake Whitefish",0.0811026186430776,0.006637513974508,0.00724522944290519
"Superior","Lake Superior Gillnet:50.8-152.4","Cisco",0.170313383548761,0.0139386062036498,0.00767209127796598
"Superior","Lake Superior Gillnet:50.8-152.4","Lake Trout",0.13578413882731,0.0111127006015573,0.00767736988333026
"Superior","Lake Superior Gillnet:50.8-152.4","Lake Whitefish",0.167483872288042,0.0137070363622775,0.00767526896437787
"Superior","Lake Superior Gillnet:50.8-88.9","Lake Trout",0.0454048035541171,0.00371597148331987,0.00830973899103652
"Superior","Lake Superior Gillnet:50.8-88.9","Cisco",0.0799340482755684,0.00654187708541231,0.00830446038567223
"Superior","Lake Superior Gillnet:50.8-88.9","Lake Whitefish",0.0771045370148494,0.00631030724404008,0.00830763807208412
"Superior","Lake Superior Gillnet:95.3-127","Lake Trout",-0.0912314878702514,-0.00746647008179725,0.00748127444547264
"Superior","Lake Superior Gillnet:95.3-127","Cisco",-0.0567022431488002,-0.00464056447970482,0.00747599584010835
"Superior","Lake Superior Gillnet:95.3-127","Lake Whitefish",-0.0595317544095191,-0.00487213432107705,0.00747917352652024
"Superior","Lake Superior Nylon multi:139.7-152.4","Lake Trout",0.0719434539967909,0.00588791939480528,0.00750892670924479
"Superior","Lake Superior Nylon multi:139.7-152.4","Lake Whitefish",0.103643187457523,0.00848225515552549,0.00750682579029239
"Superior","Lake Superior Nylon multi:139.7-152.4","Cisco",0.106472698718242,0.00871382499689772,0.0075036481038805
"Balsam- 31025900","Minnesota Gill net mesh = 19","Cisco",0.0880182733207462,0.00720349760529444,0.0229243292123246
"Bear Island- 69011500","Minnesota Gill net mesh = 19","Cisco",-0.0271187288151892,-0.00221942206667669,0.0180850959496722
"Bemidji (main lake)- 4013002","Minnesota Gill net mesh = 19","Cisco",-0.225404166454031,-0.0184472872736108,0.0122207023588077
"Big Pine- 56013000","Minnesota Gill net mesh = 19","Cisco",0.0346705445751204,0.00283746971394254,0.0240494125590521
"Big Sandy- 1006200","Minnesota Gill net mesh = 19","Cisco",-0.0674191994704915,-0.00551765018346575,0.0164326589704117
"Big Trout- 18031500","Minnesota Gill net mesh = 19","Cisco",0.00774689282452527,0.00063401293622954,0.00977187700041486
"Big- 4004900","Minnesota Gill net mesh = 19","Cisco",0.284740556222796,0.023303432770223,0.0176958437027
"Birch- 69000300","Minnesota Gill net mesh = 19","Cisco",0.111894460292051,0.00915754702233538,0.015703927281445
"Blackwater- 11027400","Minnesota Gill net mesh = 19","Cisco",0.152165664511762,0.0124533799467315,0.0184059281664257
"Blue- 29018400","Minnesota Gill net mesh = 19","Cisco",0.119236220144599,0.00975840349816917,0.0143120278378513
"Bluewater- 31039500","Minnesota Gill net mesh = 19","Cisco",0.202686811760182,0.0165880777712904,0.0146773692134462
"Bluewater- 31039500","Minnesota Gill net mesh = 19","Lake Trout",0.16815756703873,0.013762172169198,0.0146826478188105
"Boy- 11014300","Minnesota Gill net mesh = 19","Cisco",-0.305214911281411,-0.0249790730897874,0.0287252140509614
"Burntside- 69011800","Minnesota Gill net mesh = 19","Lake Trout",0.20336875591889,0.0166438887174595,0.0199509265539352
"Caribou- 31062000","Minnesota Gill net mesh = 19","Lake Trout",-0.184530775579585,-0.0151021708315806,0.0259157897906067
"Cass- 4003000","Minnesota Gill net mesh = 19","Cisco",0.249892998870276,0.0204514761654338,0.0117293703574267
"Cotton- 3028600","Minnesota Gill net mesh = 19","Cisco",0.126885900496176,0.0103844604749182,0.0267584591515603
"Crane- 69061600","Minnesota Gill net mesh = 19","Cisco",0.123790532903679,0.0101311327033224,0.0236065265954997
"Cut Foot Sioux- 31085700","Minnesota Gill net mesh = 19","Cisco",0.0640792628735354,0.00524430665637411,0.0118069415794107
"Elbow- 3015900","Minnesota Gill net mesh = 19","Cisco",-0.0656996993519787,-0.00537692468955753,0.0190810898977751
"Elbow- 69074400","Minnesota Gill net mesh = 19","Cisco",0.016852486084929,0.00137922318373212,0.0213621394645254
"Eleventh Crow Wing- 29003600","Minnesota Gill net mesh = 19","Cisco",-0.0149575094722622,-0.0012241365298314,0.011910000528013
"Elk- 15001000","Minnesota Gill net mesh = 19","Cisco",0.361788903689494,0.0296091414092203,0.027150665365762
"Elmo- 82010600","Minnesota Gill net mesh = 19","Cisco",0.101641990702379,0.00831847534606625,0.025570263376523
"Fall- 38081100","Minnesota Gill net mesh = 19","Cisco",-0.0227037992938579,-0.00185810011573861,0.0218198171061581
"Farm Island- 1015900","Minnesota Gill net mesh = 19","Cisco",-0.254286494596173,-0.0208110439545569,0.0278912000986631
"Flour- 16014700","Minnesota Gill net mesh = 19","Cisco",0.224327503481668,0.018359172171479,0.0177731615986321
"Flour- 16014700","Minnesota Gill net mesh = 19","Lake Trout",0.189798258760217,0.0155332665693866,0.0177784402039964
"Green- 34007900","Minnesota Gill net mesh = 19","Cisco",0.160032022504112,0.013097170023751,0.0127015480051627
"Greenwood- 16007700","Minnesota Gill net mesh = 19","Cisco",0.108988794266853,0.00891974460398955,0.0182344721824419
"Greenwood- 16007700","Minnesota Gill net mesh = 19","Lake Trout",0.0744595495454016,0.00609383900189711,0.0182397507878061
"Gull- 11030500","Minnesota Gill net mesh = 19","Cisco",-0.0285998035475601,-0.00234063460454389,0.018758201878519
"Gunflint- 16035600","Minnesota Gill net mesh = 19","Cisco",-0.039169747104277,-0.00320568864646362,0.0156754998940261
"Hanging Horn- 9003800","Minnesota Gill net mesh = 19","Cisco",0.148680018336747,0.0121681114118317,0.0105203743582231
"Ida- 21012300","Minnesota Gill net mesh = 19","Cisco",0.0567502195425344,0.00464449091252765,0.0234506789743382
"Inguadona- 11012000","Minnesota Gill net mesh = 19","Cisco",0.251377637390041,0.0205729803669862,0.0235979460416109
"Johnson- 69069100","Minnesota Gill net mesh = 19","Cisco",0.00186762395476189,0.000152848086859105,0.00980348187336631
"Kabekona- 29007500","Minnesota Gill net mesh = 19","Cisco",0.0554323127002469,0.0045366321870125,0.0152485701214464
"Kabetogama- 69084500","Minnesota Gill net mesh = 19","Cisco",0.240316257792881,0.0196677067410309,0.0252108007417103
"Kemo- 16018800","Minnesota Gill net mesh = 19","Lake Trout",-0.0601864251950396,-0.00492571318893972,0.0263566682419477
"Kjostad- 69074800","Minnesota Gill net mesh = 19","Cisco",0.0954404422841126,0.00781093483777533,0.0215200988347143
"Lake of the Woods- 39000200","Minnesota Gill net mesh = 19","Cisco",0.183293550635309,0.015000915187871,0.00927552491407695
"Leech- 11020300","Minnesota Gill net mesh = 19","Cisco",-0.00880467031620821,-0.000720582433003302,0.0129691412884449
"Little Bemidji- 3023400","Minnesota Gill net mesh = 19","Cisco",-0.00552492045422073,-0.000452164644452763,0.0145917437651671
"Little Boy- 11016700","Minnesota Gill net mesh = 19","Cisco",-0.115964163559577,-0.00949061533458294,0.0249113181258253
"Little Pine- 56014200","Minnesota Gill net mesh = 19","Cisco",0.0185115418302638,0.00151500185374782,0.0220507489684942
"Little Vermilion- 69060800","Minnesota Gill net mesh = 19","Cisco",-0.215411034197526,-0.017629440006637,0.0131577060044117
"Long- 1008900","Minnesota Gill net mesh = 19","Cisco",0.0418950170138391,0.00342872727840512,0.0179971555759533
"Long- 3038300","Minnesota Gill net mesh = 19","Cisco",0.185764358741083,0.0152031284283901,0.0349972858511999
"Loon- 16044800","Minnesota Gill net mesh = 19","Cisco",-0.053933813509039,-0.00441399361517793,0.0127209120469449
"Many Point- 3015800","Minnesota Gill net mesh = 19","Cisco",0.264617858665387,0.0216565724286364,0.0238520092366489
"Marion- 56024300","Minnesota Gill net mesh = 19","Cisco",-0.00853084024185849,-0.000698171924248515,0.0255449248764987
"Mary- 21009200","Minnesota Gill net mesh = 19","Cisco",0.0344755217541739,0.00282150886432957,0.0212149300795819
"Melissa- 3047500","Minnesota Gill net mesh = 19","Cisco",-0.00848908144125878,-0.000694754345048525,0.0283824148267376
"Mille Lacs- 48000200","Minnesota Gill net mesh = 19","Cisco",0.164846363769888,0.0134911802044859,0.0109400339645171
"Miltona- 21008300","Minnesota Gill net mesh = 19","Cisco",0.118807809119692,0.00972334194020433,0.0200935859558957
"Moose- 31072200","Minnesota Gill net mesh = 19","Cisco",-0.0915336156183866,-0.00749119649857499,0.0123979110739907
"Mukooda- 69068400","Minnesota Gill net mesh = 19","Cisco",-6.7049353275575e-05,-5.48738162582546e-06,0.0159486532925275
"Namakan- 69069300","Minnesota Gill net mesh = 19","Cisco",0.124108142707013,0.0101571261859415,0.00918671031663684
"Namakan- 69069300","Minnesota Gill net mesh = 19","Lake Whitefish",0.121278631446294,0.00992555634456926,0.00918988800304873
"North Lida- 56074701","Minnesota Gill net mesh = 19","Cisco",0.164384981469954,0.0134534202466123,0.0232437885678457
"North Star- 31065300","Minnesota Gill net mesh = 19","Cisco",0.0881958685114782,0.00721803216139154,0.0157918381187935
"Ojibway- 38064000","Minnesota Gill net mesh = 19","Cisco",-0.0480947706474425,-0.00393612089984476,0.0117419253971492
"Osakis- 77021500","Minnesota Gill net mesh = 19","Cisco",0.114309487094726,0.00935519506896765,0.0290842834488409
"Otter Tail- 56024200","Minnesota Gill net mesh = 19","Cisco",-0.00947423900251067,-0.000775380558964983,0.0156515017281097
"Pelican- 18030800","Minnesota Gill net mesh = 19","Cisco",-0.0371046884292993,-0.00303668231790517,0.0175124915216321
"Pelican- 56078600","Minnesota Gill net mesh = 19","Cisco",0.248054872137059,0.0203010421587054,0.0242923476177551
"Pickerel- 56047500","Minnesota Gill net mesh = 19","Cisco",-0.122015941862423,-0.00998589851689969,0.0201790341657
"Pleasant- 11038300","Minnesota Gill net mesh = 19","Cisco",0.105198882454319,0.00860957468545022,0.0346058832581196
"Potato- 29024300","Minnesota Gill net mesh = 19","Cisco",0.061274920531604,0.00501479666279682,0.0252536091430708
"Rainy- 69069400","Minnesota Gill net mesh = 19","Cisco",0.0137999090276819,0.0011293974294626,0.0191883111765971
"Saganaga- 16063300","Minnesota Gill net mesh = 19","Cisco",-0.0103121206429507,-0.000843953574121003,0.00979817501769686
"Saganaga- 16063300","Minnesota Gill net mesh = 19","Lake Whitefish",-0.0131416319036697,-0.00107552341549323,0.00980135270410875
"Sallie- 3035900","Minnesota Gill net mesh = 19","Cisco",-0.140792770205973,-0.0115226116663941,0.031116272780746
"Sand Point- 69061700","Minnesota Gill net mesh = 19","Cisco",-0.0127789939005712,-0.00104584478299621,0.00860199920325852
"Sea Gull- 16062900","Minnesota Gill net mesh = 19","Lake Whitefish",-0.139826843130447,-0.0114435592933706,0.0203125177519114
"Seventh Crow Wing- 29009100","Minnesota Gill net mesh = 19","Cisco",0.175838440199995,0.0143907819945932,0.0296518313530679
"Snowbank- 38052900","Minnesota Gill net mesh = 19","Cisco",0.0183736884221696,0.00150371980221893,0.0110335846875331
"South Lida- 56074702","Minnesota Gill net mesh = 19","Cisco",0.563703821438966,0.0461340466545349,0.0184626104213256
"Swan- 31006700","Minnesota Gill net mesh = 19","Cisco",0.19695483760005,0.016118967658375,0.0202327190911819
"Third Crow Wing- 29007700","Minnesota Gill net mesh = 19","Cisco",0.089580523857942,0.00733135364676154,0.026183887967957
"Trout- 16004900","Minnesota Gill net mesh = 19","Lake Trout",0.000137608712426872,1.1262025407183e-05,0.0279642074993775
"Trout- 31041000","Minnesota Gill net mesh = 19","Cisco",0.133236028464696,0.0109041608722192,0.0124932918137356
"Trout- 69049800","Minnesota Gill net mesh = 19","Cisco",-0.0502099194934891,-0.00410922665473517,0.00868472116260573
"Upper Trelipe- 11010500","Minnesota Gill net mesh = 19","Cisco",0.130741146455994,0.0106999774010247,0.0167354453492071
"Vermilion- 69037800","Minnesota Gill net mesh = 19","Cisco",-0.0348649749941265,-0.00285338208082803,0.023449888315797
"Wabana- 31039200","Minnesota Gill net mesh = 19","Cisco",0.1742609983766,0.0142616826840908,0.0221950683928346
"Wabedo- 11017100","Minnesota Gill net mesh = 19","Cisco",0.116064893887407,0.00949885919858896,0.0135237557732002
"Washburn- 11005900","Minnesota Gill net mesh = 19","Cisco",0.0669535735613255,0.00547954292465351,0.0156436306319599
"White Iron- 69000400","Minnesota Gill net mesh = 19","Cisco",-0.0128883341804615,-0.00105479329351154,0.0110530640734358
"Whitefish- 18031000","Minnesota Gill net mesh = 19","Cisco",-0.00435951888317246,-0.000356787092615764,0.0128018166731027
"Whitefish- 18031000","Minnesota Gill net mesh = 19","Lake Whitefish",-0.00718903014389137,-0.000588356933987989,0.0128049943595146
"Winnibigoshish- 11014700","Minnesota Gill net mesh = 19","Cisco",0.183362344217954,0.0150065453188558,0.00824581763383504
"Woman- 11020100","Minnesota Gill net mesh = 19","Cisco",0.262367413979261,0.0214723939359696,0.0142243766553758
"Andrew- 21008500","Minnesota Gill net mesh = 25.4","Cisco",-0.0922232747046723,-0.00754763884161464,0.0342615757170023
"Balsam- 31025900","Minnesota Gill net mesh = 25.4","Cisco",0.0885693495723968,0.00724859819985659,0.0187046633225389
"Bearskin- 16022800","Minnesota Gill net mesh = 25.4","Lake Trout",0.644479207869373,0.0527447796394664,0.0186965623284068
"Beltrami- 4013500","Minnesota Gill net mesh = 25.4","Cisco",-0.171189360229896,-0.0140102969524771,0.02948600976094
"Bemidji (main lake)- 4013002","Minnesota Gill net mesh = 25.4","Cisco",-0.179572841132968,-0.0146964088509603,0.0126165513290113
"Benedict- 29004800","Minnesota Gill net mesh = 25.4","Cisco",0.073063729498967,0.00597960378706538,0.018069619357359
"Big Pine- 56013000","Minnesota Gill net mesh = 25.4","Cisco",0.0727478212015234,0.00595374955727567,0.0183828701088259
"Big Sandy- 1006200","Minnesota Gill net mesh = 25.4","Cisco",0.00544029751082264,0.000445239023816014,0.0121412397572539
"Big Trout- 18031500","Minnesota Gill net mesh = 25.4","Cisco",0.00984343573611926,0.000805595964085923,0.0131760158384006
"Big- 4004900","Minnesota Gill net mesh = 25.4","Cisco",0.0547079116156326,0.00447734652641705,0.0168277461615495
"Birch- 69000300","Minnesota Gill net mesh = 25.4","Cisco",0.118988495151508,0.00973812945361934,0.0111753410774731
"Blackwater- 11027400","Minnesota Gill net mesh = 25.4","Cisco",-0.2789868707263,-0.0228325457812839,0.012913472243851
"Blue- 29018400","Minnesota Gill net mesh = 25.4","Cisco",0.0315330505616045,0.00258069427674863,0.0118688430550737
"Bluewater- 31039500","Minnesota Gill net mesh = 25.4","Lake Trout",0.801891974340648,0.0656275873058529,0.025194864686133
"Burntside- 69011800","Minnesota Gill net mesh = 25.4","Lake Trout",0.2338516321208,0.0191386357448497,0.0144876390406315
"Burntside- 69011800","Minnesota Gill net mesh = 25.4","Lake Whitefish",0.265551365581533,0.0217329715055699,0.0144855381216791
"Caribou- 31062000","Minnesota Gill net mesh = 25.4","Lake Trout",-0.184794100215537,-0.0151237215654559,0.019604188246199
"Cass- 4003000","Minnesota Gill net mesh = 25.4","Cisco",0.0239581688764601,0.00196075889264396,0.0101249470508815
"Clearwater- 18003800","Minnesota Gill net mesh = 25.4","Cisco",-0.198740168421427,-0.0162650807984224,0.0207206517623771
"Crane- 69061600","Minnesota Gill net mesh = 25.4","Cisco",0.101073633218151,0.00827196043930744,0.0194644407941714
"Cut Foot Sioux- 31085700","Minnesota Gill net mesh = 25.4","Cisco",0.0943794605416009,0.00772410310212434,0.0101440962418517
"Dead- 56038300","Minnesota Gill net mesh = 25.4","Cisco",0.0899368647233533,0.00736051691563532,0.0270877812051748
"Dry- 69006400","Minnesota Gill net mesh = 25.4","Cisco",0.175257326813983,0.0143432231329317,0.0295831346364879
"East Battle- 56013800","Minnesota Gill net mesh = 25.4","Cisco",0.158996655253123,0.0130124346019833,0.0361887309256614
"Eighth Crow Wing- 29007200","Minnesota Gill net mesh = 25.4","Cisco",0.112943263741124,0.00924338207508963,0.0269403795308669
"Elbow- 3015900","Minnesota Gill net mesh = 25.4","Cisco",-0.0627533303860617,-0.0051357911045694,0.0129600014452425
"Elbow- 69074400","Minnesota Gill net mesh = 25.4","Cisco",0.0282981997331496,0.002315951066991,0.0258230545653774
"Eleventh Crow Wing- 29003600","Minnesota Gill net mesh = 25.4","Cisco",-0.0428293165545002,-0.00350519122446839,0.0110001568423283
"Elk- 15001000","Minnesota Gill net mesh = 25.4","Cisco",0.108469615445401,0.00887725452487356,0.0163525595740971
"Elmo- 82010600","Minnesota Gill net mesh = 25.4","Cisco",-0.0632615412892527,-0.00517738355902235,0.0169748337004495
"Fall- 38081100","Minnesota Gill net mesh = 25.4","Cisco",-0.0545398385271605,-0.00446359126805256,0.0145171698203036
"Farm Island- 1015900","Minnesota Gill net mesh = 25.4","Cisco",0.0771069024692028,0.00631050083503121,0.0250024752807525
"Farm- 38077900","Minnesota Gill net mesh = 25.4","Cisco",0.104905367789853,0.00858555317147557,0.0200241888289584
"Flour- 16014700","Minnesota Gill net mesh = 25.4","Cisco",-0.0956337167842059,-0.00782675260317858,0.0124680941765016
"Garden- 38078200","Minnesota Gill net mesh = 25.4","Cisco",-0.0217150472502986,-0.00177717972603663,0.0192012247431451
"Green- 34007900","Minnesota Gill net mesh = 25.4","Cisco",0.0825908241490295,0.00675931010153773,0.0114217473359439
"Greenwood- 16007700","Minnesota Gill net mesh = 25.4","Lake Trout",0.126588032849572,0.0103600827088242,0.0105249905509986
"Greenwood- 16007700","Minnesota Gill net mesh = 25.4","Cisco",0.161117277571023,0.0131859883109166,0.0105197119456343
"Grindstone- 58012300","Minnesota Gill net mesh = 25.4","Lake Trout",0.734385311939012,0.0601027790745036,0.0188110051973225
"Gull- 11030500","Minnesota Gill net mesh = 25.4","Cisco",0.111027660873865,0.00908660734926976,0.0118800960439562
"Gunflint- 16035600","Minnesota Gill net mesh = 25.4","Cisco",-0.0570459037029132,-0.00466868998007184,0.0175354040404206
"Hanging Horn- 9003800","Minnesota Gill net mesh = 25.4","Cisco",0.0795707823452405,0.00651214706276501,0.00995172420647787
"Ida- 21012300","Minnesota Gill net mesh = 25.4","Cisco",-0.120783546401744,-0.00988503812263328,0.0263468042715128
"Inguadona- 11012000","Minnesota Gill net mesh = 25.4","Cisco",0.245597703912031,0.0200999452187519,0.0283137378901494
"Jewett- 56087700","Minnesota Gill net mesh = 25.4","Cisco",0.043207382205381,0.00353613247005315,0.0226909122645739
"Johnson- 69069100","Minnesota Gill net mesh = 25.4","Cisco",0.249195479441928,0.0203943905246665,0.0115800267690348
"Johnson- 69069100","Minnesota Gill net mesh = 25.4","Lake Whitefish",0.246365968181209,0.0201628206832942,0.0115832044554467
"Kabekona- 29007500","Minnesota Gill net mesh = 25.4","Cisco",0.126429578420304,0.0103471146505027,0.0115213555901388
"Kabetogama- 69084500","Minnesota Gill net mesh = 25.4","Cisco",0.318205341468294,0.026042222015715,0.019183317091015
"Kjostad- 69074800","Minnesota Gill net mesh = 25.4","Cisco",0.266083451022242,0.0217765178744471,0.0118254357157168
"Koronis (main lake)- 73020002","Minnesota Gill net mesh = 25.4","Cisco",-0.10671375450303,-0.00873355322721794,0.0238224509896618
"Lake of the Woods- 39000200","Minnesota Gill net mesh = 25.4","Lake Whitefish",0.0631895169917286,0.00517148902331785,0.00856474975585911
"Lake of the Woods- 39000200","Minnesota Gill net mesh = 25.4","Cisco",0.0660190282524475,0.00540305886469008,0.00856157206944722
"Leech- 11020300","Minnesota Gill net mesh = 25.4","Cisco",0.224185230160866,0.0183475283901706,0.0110483408026265
"Little Bemidji- 3023400","Minnesota Gill net mesh = 25.4","Cisco",0.237111878112189,0.0194054573184343,0.0162158867536353
"Little Boy- 11016700","Minnesota Gill net mesh = 25.4","Cisco",0.056268398603082,0.0046050582373276,0.0274508551922707
"Little Pine- 56014200","Minnesota Gill net mesh = 25.4","Cisco",0.0224822356588144,0.00183996714113866,0.0139894230417364
"Little Vermilion- 69060800","Minnesota Gill net mesh = 25.4","Cisco",-0.0392187153782616,-0.00320969625569152,0.0120673473007233
"Lizzie (north portion)- 56076001","Minnesota Gill net mesh = 25.4","Cisco",-0.0077209899406742,-0.000631893020049051,0.0222769851946534
"Long- 1008900","Minnesota Gill net mesh = 25.4","Cisco",-0.0344884212056905,-0.00282256456747624,0.0184400156943372
"Long- 11014200","Minnesota Gill net mesh = 25.4","Cisco",0.242192983901802,0.0198212997566783,0.0297199415375052
"Long- 3038300","Minnesota Gill net mesh = 25.4","Cisco",0.195583253223189,0.0160067159133518,0.0242149558966132
"Loon- 16044800","Minnesota Gill net mesh = 25.4","Cisco",-0.0120689906075494,-0.000987737451097121,0.0106763286085939
"Loon- 16044800","Minnesota Gill net mesh = 25.4","Lake Trout",-0.0465982353290007,-0.00381364305318956,0.0106816072139582
"Many Point- 3015800","Minnesota Gill net mesh = 25.4","Cisco",0.0350132219093597,0.0028655147466778,0.0182395760373644
"Marion- 56024300","Minnesota Gill net mesh = 25.4","Cisco",-0.335374406191492,-0.0274473542905554,0.027384592720885
"Mary- 21009200","Minnesota Gill net mesh = 25.4","Cisco",-0.116468798870974,-0.00953191515926762,0.0133400151349724
"Melissa- 3047500","Minnesota Gill net mesh = 25.4","Cisco",0.1852008575166,0.0151570109624595,0.0250598289122052
"Mille Lacs- 48000200","Minnesota Gill net mesh = 25.4","Cisco",0.367280163359025,0.0300585512236501,0.00923853105934725
"Miltona- 21008300","Minnesota Gill net mesh = 25.4","Cisco",0.0637071730081614,0.00521385447465034,0.0152229968980062
"Mina- 21010800","Minnesota Gill net mesh = 25.4","Cisco",0.00283994355118527,0.000232423629756806,0.0321943666219967
"Moose- 31072200","Minnesota Gill net mesh = 25.4","Cisco",-0.0104962535195744,-0.000859023180530807,0.0111225603301178
"Namakan- 69069300","Minnesota Gill net mesh = 25.4","Lake Whitefish",0.272887420091798,0.0223333610508685,0.00919913963474461
"Namakan- 69069300","Minnesota Gill net mesh = 25.4","Cisco",0.275716931352517,0.0225649308922407,0.00919596194833271
"North Lida- 56074701","Minnesota Gill net mesh = 25.4","Cisco",0.323699309633913,0.0264918534959916,0.0255857245859469
"North Long- 18037200","Minnesota Gill net mesh = 25.4","Cisco",-0.0293820088423962,-0.00240465101563238,0.0199881168649733
"North Star- 31065300","Minnesota Gill net mesh = 25.4","Cisco",0.021726581080356,0.00177812366544904,0.0147938709342025
"Ojibway- 38064000","Minnesota Gill net mesh = 25.4","Cisco",-0.123000975642523,-0.0100665146004512,0.0113755618904356
"Osakis- 77021500","Minnesota Gill net mesh = 25.4","Cisco",0.261738813763819,0.0214209487078846,0.0259251131955634
"Otter Tail- 56024200","Minnesota Gill net mesh = 25.4","Cisco",0.0660348330736166,0.00540435234599967,0.0111721319143075
"Pelican- 18030800","Minnesota Gill net mesh = 25.4","Cisco",-0.0364242289449729,-0.00298099287887263,0.0200702278677733
"Pelican- 56078600","Minnesota Gill net mesh = 25.4","Cisco",0.228125440249099,0.0186699988598139,0.0234061099815674
"Pickerel- 56047500","Minnesota Gill net mesh = 25.4","Cisco",0.00216613837154314,0.000177278785227767,0.0287843300355338
"Pleasant- 11038300","Minnesota Gill net mesh = 25.4","Cisco",0.149790484624486,0.0122589930088307,0.0319391707373015
"Poplar- 16023900","Minnesota Gill net mesh = 25.4","Lake Whitefish",0.0521895849229635,0.00427124432041394,0.027064498674306
"Potato- 29024300","Minnesota Gill net mesh = 25.4","Cisco",0.0307281780122315,0.0025148227564014,0.0200337254035489
"Rainy- 69069400","Minnesota Gill net mesh = 25.4","Cisco",0.201742459266988,0.016510791082213,0.0167529392008672
"Rainy- 69069400","Minnesota Gill net mesh = 25.4","Lake Whitefish",0.198912948006269,0.0162792212408408,0.0167561168872791
"Rush- 56014100","Minnesota Gill net mesh = 25.4","Cisco",-0.141141537412173,-0.0115511550999322,0.0163136778115691
"Saganaga- 16063300","Minnesota Gill net mesh = 25.4","Cisco",-0.0110035552696438,-0.000900541229044096,0.00931053074830429
"Saganaga- 16063300","Minnesota Gill net mesh = 25.4","Lake Whitefish",-0.0138330665303627,-0.00113211107041632,0.00931370843471619
"Sallie- 3035900","Minnesota Gill net mesh = 25.4","Cisco",0.0304027148217235,0.00248818654524906,0.0261502832916139
"Sand Point- 69061700","Minnesota Gill net mesh = 25.4","Cisco",-0.00886405695680115,-0.000725442691074246,0.00855367520859476
"Sand- 31082600","Minnesota Gill net mesh = 25.4","Cisco",0.15175200232996,0.0124195254478463,0.0231695706772408
"Sea Gull- 16062900","Minnesota Gill net mesh = 25.4","Lake Whitefish",-0.33108223648666,-0.0270960791175285,0.0143294740165459
"Second Crow Wing- 29008500","Minnesota Gill net mesh = 25.4","Cisco",-0.0155720110724745,-0.00127442791409257,0.021074652393561
"Shagawa- 69006900","Minnesota Gill net mesh = 25.4","Cisco",-0.101368466159031,-0.00829608984225365,0.0178947602676505
"Silver Island- 38021900","Minnesota Gill net mesh = 25.4","Lake Whitefish",-0.0886494952833423,-0.00725515739961238,0.0207572915717209
"Sixth Crow Wing- 29009300","Minnesota Gill net mesh = 25.4","Cisco",-0.0330803618585839,-0.00270732767685884,0.0241872902207411
"Snowbank- 38052900","Minnesota Gill net mesh = 25.4","Cisco",0.0273919078774697,0.00224177929599638,0.011738664004406
"Snowbank- 38052900","Minnesota Gill net mesh = 25.4","Lake Trout",-0.00713733684398154,-0.000584126306096059,0.0117439426097703
"South Farm- 38077800","Minnesota Gill net mesh = 25.4","Cisco",-0.0110770030895006,-0.000906552267144384,0.018787754159761
"South Lida- 56074702","Minnesota Gill net mesh = 25.4","Cisco",0.081855127765181,0.00669910002311498,0.0164270986592362
"South Twin- 44001400","Minnesota Gill net mesh = 25.4","Cisco",-0.0957216666869298,-0.00783395050527044,0.0259831098105602
"Split Hand- 31035300","Minnesota Gill net mesh = 25.4","Cisco",-0.131539057146927,-0.0107652791563822,0.0261703551272047
"Straight- 3001000","Minnesota Gill net mesh = 25.4","Cisco",0.124605958476876,0.0101978678929847,0.0280062473442728
"Swan- 31006700","Minnesota Gill net mesh = 25.4","Cisco",0.295794121209143,0.0242080668411387,0.0174988208744905
"Ten Mile- 11041300","Minnesota Gill net mesh = 25.4","Lake Whitefish",0.232005491903681,0.0189875459071225,0.0201145002387919
"Trout- 16004900","Minnesota Gill net mesh = 25.4","Lake Trout",-0.125594154435644,-0.0102787427721886,0.0207243681165869
"Trout- 31041000","Minnesota Gill net mesh = 25.4","Cisco",0.12810549560059,0.0104842732760857,0.0199554808151383
"Trout- 69049800","Minnesota Gill net mesh = 25.4","Cisco",-0.0295247078226243,-0.00241632963330539,0.0089055339953325
"Turtle River- 4011100","Minnesota Gill net mesh = 25.4","Cisco",0.211811343980868,0.0173348380009716,0.023916080761411
"Turtle- 4015900","Minnesota Gill net mesh = 25.4","Cisco",0.0160641225631707,0.00131470277760699,0.0294385324556422
"Upper Trelipe- 11010500","Minnesota Gill net mesh = 25.4","Cisco",-0.0868046874991266,-0.00710417660943715,0.0151101099952661
"Vermilion- 69037800","Minnesota Gill net mesh = 25.4","Cisco",0.200966139155838,0.016447256320048,0.0125159173439632
"Wabedo- 11017100","Minnesota Gill net mesh = 25.4","Cisco",0.00562479380317901,0.000460338372508436,0.012315177963155
"Washburn- 11005900","Minnesota Gill net mesh = 25.4","Cisco",-0.138641193934326,-0.0113465246570076,0.0241076120971497
"White Iron- 69000400","Minnesota Gill net mesh = 25.4","Cisco",0.00296766675704481,0.000242876616083827,0.0131984703453675
"Whitefish- 18031000","Minnesota Gill net mesh = 25.4","Lake Whitefish",0.0942906065675129,0.00771683120998858,0.014447553023754
"Whitefish- 18031000","Minnesota Gill net mesh = 25.4","Cisco",0.0971201178282318,0.00794840105136081,0.0144443753373421
"Winnibigoshish- 11014700","Minnesota Gill net mesh = 25.4","Cisco",0.0802949934965533,0.00657141717904187,0.00820299616933991
"Woman- 11020100","Minnesota Gill net mesh = 25.4","Cisco",0.329231638975441,0.0269446244906937,0.0108304708323106
"Ada- 11025000","Minnesota Gill net mesh = 32","Cisco",0.143144378895316,0.0117150695154654,0.0245084625188212
"Balsam- 31025900","Minnesota Gill net mesh = 32","Cisco",0.256082552809964,0.0209580350344076,0.0215618192060271
"Bearskin- 16022800","Minnesota Gill net mesh = 32","Lake Trout",-0.0314294132565924,-0.00257221250301793,0.016816590352569
"Bemidji (main lake)- 4013002","Minnesota Gill net mesh = 32","Cisco",0.126712463755177,0.0103702662502268,0.0128116356871946
"Benedict- 29004800","Minnesota Gill net mesh = 32","Cisco",0.0601663007757088,0.0049240661876866,0.0179699049747355
"Big Pine- 56013000","Minnesota Gill net mesh = 32","Cisco",0.0905604672496252,0.00741155312817594,0.0244928166097889
"Big Sandy- 1006200","Minnesota Gill net mesh = 32","Cisco",-0.00118356104443872,-9.68637400811693e-05,0.010711241480394
"Big Trout- 18031500","Minnesota Gill net mesh = 32","Lake Whitefish",0.180058061710498,0.0147361197557122,0.018340262810753
"Big- 4004900","Minnesota Gill net mesh = 32","Cisco",0.154083146594113,0.0126103084692677,0.0155309776590366
"Birch- 69000300","Minnesota Gill net mesh = 32","Cisco",-0.191717247223818,-0.0156903183755697,0.0116108087953623
"Blackwater- 11027400","Minnesota Gill net mesh = 32","Cisco",-0.0215783021218917,-0.00176598837715133,0.016575809290219
"Blue- 29018400","Minnesota Gill net mesh = 32","Cisco",0.00488967361459451,0.000400175450443662,0.0127885794826704
"Bluewater- 31039500","Minnesota Gill net mesh = 32","Lake Trout",0.276336118012716,0.0226156057061821,0.0179674390206618
"Burntside- 69011800","Minnesota Gill net mesh = 32","Lake Trout",0.33480472614492,0.0274007311440604,0.0141763767929763
"Burntside- 69011800","Minnesota Gill net mesh = 32","Lake Whitefish",0.366504459605652,0.0299950669047806,0.0141742758740239
"Caribou- 31062000","Minnesota Gill net mesh = 32","Lake Trout",-0.199287716735524,-0.0163098926632838,0.0175697368324233
"Cass- 4003000","Minnesota Gill net mesh = 32","Cisco",0.0654579970709417,0.00535714354938111,0.00962598320785219
"Clearwater- 18003800","Minnesota Gill net mesh = 32","Cisco",0.0726401776717104,0.00594493991036965,0.0284538447747725
"Cut Foot Sioux- 31085700","Minnesota Gill net mesh = 32","Cisco",0.0891763472462837,0.0072982754557865,0.0103771385518393
"Dam- 1009600","Minnesota Gill net mesh = 32","Cisco",0.122393418226863,0.0100167915347323,0.0287708845645407
"Dead- 56038300","Minnesota Gill net mesh = 32","Cisco",0.175897123757774,0.0143955847117107,0.0244914655388453
"Deer- 4023000","Minnesota Gill net mesh = 32","Cisco",-0.186275868186683,-0.0152449908386312,0.0233758680318976
"Dry- 69006400","Minnesota Gill net mesh = 32","Cisco",0.247372098546,0.0202451633310189,0.020409499664895
"Eagle- 29025600","Minnesota Gill net mesh = 32","Cisco",-0.0278513090011114,-0.00227937711255389,0.0324355469744408
"East Battle- 56013800","Minnesota Gill net mesh = 32","Cisco",-0.0218015995038125,-0.00178426324321321,0.029718343509027
"East Loon- 56052300","Minnesota Gill net mesh = 32","Cisco",-0.0485821010189313,-0.0039760044721027,0.0205650022388885
"Eighth Crow Wing- 29007200","Minnesota Gill net mesh = 32","Cisco",0.00505926316251166,0.000414054817263918,0.0248722352957271
"Elbow- 3015900","Minnesota Gill net mesh = 32","Cisco",-0.186350622204359,-0.0152511087771797,0.0149763314178067
"Elbow- 69074400","Minnesota Gill net mesh = 32","Lake Whitefish",0.0851926113893299,0.00697224279662358,0.0235982005638934
"Eleventh Crow Wing- 29003600","Minnesota Gill net mesh = 32","Cisco",0.250932412627176,0.0205365427570204,0.011558291607063
"Elk- 15001000","Minnesota Gill net mesh = 32","Cisco",0.0240001813880441,0.00196419723578761,0.0144833841717523
"Elmo- 82010600","Minnesota Gill net mesh = 32","Cisco",-0.0989283254220687,-0.00809638644780926,0.018823926953144
"Fall- 38081100","Minnesota Gill net mesh = 32","Cisco",-0.0834076223237494,-0.00682615762618937,0.0149104331813358
"Farm Island- 1015900","Minnesota Gill net mesh = 32","Cisco",-0.134997342023055,-0.0110483084170543,0.023846420956922
"Farm- 38077900","Minnesota Gill net mesh = 32","Cisco",0.0408799905682159,0.00334565656712551,0.0263689599577499
"Flour- 16014700","Minnesota Gill net mesh = 32","Cisco",-0.00432452301681099,-0.000353922998263318,0.011275627464526
"Garden- 38078200","Minnesota Gill net mesh = 32","Cisco",0.0574715677686736,0.00470352672433733,0.024310990188111
"Green- 34007900","Minnesota Gill net mesh = 32","Cisco",0.312849599233977,0.0256039030746141,0.0160791099392719
"Greenwood- 16007700","Minnesota Gill net mesh = 32","Cisco",0.169304945495828,0.0138560746925746,0.00983220776152353
"Greenwood- 16007700","Minnesota Gill net mesh = 32","Lake Trout",0.134775700774377,0.0110301690904822,0.00983748636688782
"Grindstone- 58012300","Minnesota Gill net mesh = 32","Lake Trout",0.747579581144448,0.0611826103758814,0.0181316315739553
"Gull- 11030500","Minnesota Gill net mesh = 32","Cisco",0.347874581702761,0.0284703803164472,0.0108833959259421
"Gunflint- 16035600","Minnesota Gill net mesh = 32","Lake Trout",-0.336132655805677,-0.0275094101463899,0.0156401477219128
"Gunflint- 16035600","Minnesota Gill net mesh = 32","Cisco",-0.301603411084226,-0.0246835045442975,0.0156348691165485
"Hanging Horn- 9003800","Minnesota Gill net mesh = 32","Cisco",0.0287896861368368,0.00235617477280142,0.0101117458838879
"Inguadona- 11012000","Minnesota Gill net mesh = 32","Cisco",0.100311441952569,0.00820958199504519,0.0249783558402085
"Island- 31091300","Minnesota Gill net mesh = 32","Cisco",-0.0827332812722188,-0.00677096892540503,0.0215696233564559
"Itasca- 15001600","Minnesota Gill net mesh = 32","Cisco",-0.0455121254214363,-0.0037247548050673,0.0318483035143541
"Jewett- 56087700","Minnesota Gill net mesh = 32","Cisco",-0.014686303664684,-0.0012019407935175,0.027051823622091
"Johnson- 69069100","Minnesota Gill net mesh = 32","Cisco",0.168474858286358,0.0137881395809209,0.0118609916908722
"Johnson- 69069100","Minnesota Gill net mesh = 32","Lake Whitefish",0.165645347025639,0.0135565697395487,0.0118641693772841
"Kabekona- 29007500","Minnesota Gill net mesh = 32","Cisco",0.103153241747033,0.00844215754148373,0.0119940101736661
"Kabetogama- 69084500","Minnesota Gill net mesh = 32","Cisco",-0.0489255351436774,-0.00400411144127908,0.0138784044853433
"Kemo- 16018800","Minnesota Gill net mesh = 32","Lake Trout",-0.0743057704600741,-0.00608125357808558,0.0217243074739744
"Kjostad- 69074800","Minnesota Gill net mesh = 32","Cisco",0.07180880060054,0.00587689923523111,0.012676888601249
"Koronis (main lake)- 73020002","Minnesota Gill net mesh = 32","Cisco",0.0658577654608678,0.00538986096737693,0.0250415409780605
"Lake of the Woods- 39000200","Minnesota Gill net mesh = 32","Cisco",0.0337142168919905,0.00275920296414844,0.00844038207829703
"Lake of the Woods- 39000200","Minnesota Gill net mesh = 32","Lake Whitefish",0.0308847056312716,0.00252763312277622,0.00844355976470892
"Leech- 11020300","Minnesota Gill net mesh = 32","Cisco",0.360322953283127,0.0294891666603034,0.0117572917760764
"Little Bemidji- 3023400","Minnesota Gill net mesh = 32","Cisco",0.195776358389458,0.0160225198203169,0.0187475541389858
"Little Boy- 11016700","Minnesota Gill net mesh = 32","Cisco",-0.0558261357944947,-0.00456886303646334,0.0251100683645063
"Little Pine- 56014200","Minnesota Gill net mesh = 32","Cisco",-0.0269319310721787,-0.0022041343651156,0.0173627744414435
"Little Vermilion- 69060800","Minnesota Gill net mesh = 32","Cisco",-0.0195687320990307,-0.00160152329165029,0.0121326066303833
"Lizzie (north portion)- 56076001","Minnesota Gill net mesh = 32","Cisco",0.0500802298589173,0.00409861273404775,0.0294028582904042
"Long- 11014200","Minnesota Gill net mesh = 32","Cisco",0.313325867369959,0.0256428813031976,0.0192156476857246
"Long- 29016100","Minnesota Gill net mesh = 32","Cisco",0.0220230128488079,0.00180238391793541,0.0185820062680889
"Long- 3038300","Minnesota Gill net mesh = 32","Cisco",0.0798822398566247,0.00653763703607125,0.0337844518704123
"Loon- 16044800","Minnesota Gill net mesh = 32","Cisco",0.0189086581282065,0.00154750222206145,0.0125690091622469
"Loon- 16044800","Minnesota Gill net mesh = 32","Lake Trout",-0.0156205865932447,-0.00127840338003098,0.0125742877676111
"Mantrap- 29015100","Minnesota Gill net mesh = 32","Cisco",0.120144662272539,0.00983275124945166,0.031690161324389
"Many Point- 3015800","Minnesota Gill net mesh = 32","Cisco",-0.0796794147426583,-0.00652103763951837,0.0164627665772651
"Marion- 56024300","Minnesota Gill net mesh = 32","Cisco",0.0183554849355684,0.00150223001189253,0.0319445929704458
"Mary- 21009200","Minnesota Gill net mesh = 32","Cisco",-0.119719132425247,-0.00979792548975084,0.0151475764743797
"Mille Lacs- 48000200","Minnesota Gill net mesh = 32","Cisco",0.78751438786803,0.064450912215352,0.00916993055094544
"Miltona- 21008300","Minnesota Gill net mesh = 32","Cisco",-0.0630158169221312,-0.00515727324756837,0.0180529608136867
"Molly Stark- 56030300","Minnesota Gill net mesh = 32","Cisco",0.0868226690781608,0.00710564823864123,0.0269627090630637
"Moose- 31072200","Minnesota Gill net mesh = 32","Cisco",0.0683477108971673,0.00559364042488044,0.0111538736691572
"Namakan- 69069300","Minnesota Gill net mesh = 32","Lake Whitefish",0.129091752233649,0.0105649894390642,0.00878067624764769
"Namakan- 69069300","Minnesota Gill net mesh = 32","Cisco",0.131921263494368,0.0107965592804364,0.00877749856123579
"Ninth Crow Wing- 29002500","Minnesota Gill net mesh = 32","Cisco",0.0410327457631933,0.00335815819479555,0.0301357357104753
"North Lida- 56074701","Minnesota Gill net mesh = 32","Cisco",0.0809187389373799,0.00662246508784297,0.0273064887628286
"North Long- 18037200","Minnesota Gill net mesh = 32","Cisco",-0.0205465063132272,-0.00168154524555543,0.032129383326548
"North Star- 31065300","Minnesota Gill net mesh = 32","Cisco",-0.105650513326881,-0.00864653657741014,0.020227039294542
"Ojibway- 38064000","Minnesota Gill net mesh = 32","Cisco",-0.0652452373800557,-0.00533973109778466,0.0129112282922899
"Osakis- 77021500","Minnesota Gill net mesh = 32","Cisco",0.277261482655979,0.0226913384119065,0.0318361429345214
"Otter Tail- 56024200","Minnesota Gill net mesh = 32","Cisco",0.0570291254266919,0.00466731683029259,0.0105054810648929
"Pelican- 18030800","Minnesota Gill net mesh = 32","Cisco",0.150691931486467,0.0123327682610209,0.0216914911096249
"Pickerel- 56047500","Minnesota Gill net mesh = 32","Cisco",0.0497163770986955,0.00406883468469445,0.0318406232686056
"Pike Bay- 11041500","Minnesota Gill net mesh = 32","Cisco",0.107431530389224,0.00879229667539375,0.0270107966753218
"Plantagenet- 29015600","Minnesota Gill net mesh = 32","Cisco",-0.054073150521045,-0.00442539708623509,0.0212025141881316
"Poplar- 16023900","Minnesota Gill net mesh = 32","Lake Whitefish",0.0697662600996808,0.00570973581505085,0.0238676931353893
"Rachel- 21016000","Minnesota Gill net mesh = 32","Cisco",-0.0801276675442214,-0.00655772306699614,0.0283063894898503
"Rainy- 69069400","Minnesota Gill net mesh = 32","Cisco",0.186201164033895,0.0152388769810718,0.0154587237763011
"Rainy- 69069400","Minnesota Gill net mesh = 32","Lake Whitefish",0.183371652773176,0.0150073071396995,0.015461901462713
"Round- 18037300","Minnesota Gill net mesh = 32","Cisco",-0.00701374244205403,-0.000574011224934807,0.0206816271769334
"Rush- 56014100","Minnesota Gill net mesh = 32","Cisco",0.139518730525686,0.011418343070343,0.0179299089650755
"Saganaga- 16063300","Minnesota Gill net mesh = 32","Cisco",-0.0725074164225235,-0.00593407460587648,0.00958979727580273
"Saganaga- 16063300","Minnesota Gill net mesh = 32","Lake Trout",-0.107036661143975,-0.00875998020796891,0.00959507588116701
"Saganaga- 16063300","Minnesota Gill net mesh = 32","Lake Whitefish",-0.0753369276832425,-0.0061656444472487,0.00959297496221462
"Sallie- 3035900","Minnesota Gill net mesh = 32","Cisco",-0.179258032478574,-0.0146706446169836,0.0216015126318357
"Sand Point- 69061700","Minnesota Gill net mesh = 32","Lake Whitefish",-0.0354763219201445,-0.00290341528360999,0.00863327346285979
"Sand Point- 69061700","Minnesota Gill net mesh = 32","Cisco",-0.0326468106594256,-0.00267184544223776,0.0086300957764479
"Sauk- 77015000","Minnesota Gill net mesh = 32","Cisco",0.117555035049943,0.00962081374155939,0.0244622606499501
"Sea Gull- 16062900","Minnesota Gill net mesh = 32","Lake Whitefish",-0.122133251396465,-0.00999549923860971,0.01420644907826
"Sea Gull- 16062900","Minnesota Gill net mesh = 32","Lake Trout",-0.153832984857197,-0.0125898349993299,0.0142085499972124
"Shagawa- 69006900","Minnesota Gill net mesh = 32","Cisco",0.130531994430432,0.0106828602041242,0.0179848377887592
"Silver Island- 38021900","Minnesota Gill net mesh = 32","Lake Whitefish",0.053145357048959,0.00434946560289384,0.0200160633482244
"Sixth Crow Wing- 29009300","Minnesota Gill net mesh = 32","Cisco",-0.0569180040991645,-0.004658222557177,0.0235470344803476
"Snowbank- 38052900","Minnesota Gill net mesh = 32","Cisco",0.179564661976027,0.0146957394611255,0.0153373866550833
"Snowbank- 38052900","Minnesota Gill net mesh = 32","Lake Trout",0.145035417254576,0.011869833859033,0.0153426652604476
"South Farm- 38077800","Minnesota Gill net mesh = 32","Cisco",-0.0527425333116677,-0.00431649813241917,0.0205254561444978
"South Lida- 56074702","Minnesota Gill net mesh = 32","Cisco",0.181030128715095,0.0148156746262593,0.0209025154191107
"South Long- 18013600","Minnesota Gill net mesh = 32","Cisco",0.110734156477276,0.00906258667562773,0.0274543972819274
"South Twin- 44001400","Minnesota Gill net mesh = 32","Cisco",0.112787239129177,0.00923061287528461,0.0242837834841394
"Split Hand- 31035300","Minnesota Gill net mesh = 32","Cisco",-0.145743294773996,-0.0119277672156373,0.021475853649928
"Ten Mile- 11041300","Minnesota Gill net mesh = 32","Lake Whitefish",0.0817427426023514,0.00668990231653917,0.0162040234564542
"Tenth Crow Wing- 29004500","Minnesota Gill net mesh = 32","Cisco",-0.154704000380616,-0.0126611197223812,0.0253984175384041
"Third Crow Wing- 29007700","Minnesota Gill net mesh = 32","Cisco",-0.0623469377981938,-0.00510253155603397,0.0211980859301791
"Trout- 16004900","Minnesota Gill net mesh = 32","Lake Trout",-0.257792165551999,-0.0210979513362004,0.0195361187592249
"Trout- 69049800","Minnesota Gill net mesh = 32","Lake Trout",-0.0725242594824314,-0.00593545305761308,0.00929820416003787
"Trout- 69049800","Minnesota Gill net mesh = 32","Cisco",-0.0379950147609801,-0.00310954745552065,0.00929292555467358
"Turtle River- 4011100","Minnesota Gill net mesh = 32","Cisco",-0.0582993972251893,-0.00477127705938279,0.0244915274470364
"Two Inlets- 3001700","Minnesota Gill net mesh = 32","Cisco",0.166929137753378,0.0136616363704206,0.0291604725059759
"Upper Trelipe- 11010500","Minnesota Gill net mesh = 32","Cisco",-0.099474645898705,-0.00814109782530734,0.0171210956341682
"Vermilion- 69037800","Minnesota Gill net mesh = 32","Cisco",0.121572168183402,0.00994957966498953,0.0107675741020859
"Wabana- 31039200","Minnesota Gill net mesh = 32","Cisco",0.265763565159454,0.0217503381169988,0.0199322993974683
"Wabedo- 11017100","Minnesota Gill net mesh = 32","Cisco",0.0435057965198007,0.00356055497595115,0.0145838459853562
"Washburn- 11005900","Minnesota Gill net mesh = 32","Cisco",0.00350081184334246,0.000286509707344598,0.0270754532665714
"White Iron- 69000400","Minnesota Gill net mesh = 32","Cisco",0.0432996590210095,0.00354368449073393,0.0146149925373122
"Whitefish- 18031000","Minnesota Gill net mesh = 32","Lake Whitefish",0.235446755542563,0.0192691821338585,0.0190286144929588
"Whitefish- 18031000","Minnesota Gill net mesh = 32","Cisco",0.238276266803282,0.0195007519752308,0.0190254368065469
"Winnibigoshish- 11014700","Minnesota Gill net mesh = 32","Cisco",0.192778234231073,0.0157771505420922,0.0082426852544644
"Woman- 11020100","Minnesota Gill net mesh = 32","Cisco",0.0236312837214567,0.00193400630659069,0.0112678328395173
"Ada- 11025000","Minnesota Gill net mesh = 38.1","Cisco",0.0633129440036871,0.00518159040512787,0.0241109672697253
"Balsam- 31025900","Minnesota Gill net mesh = 38.1","Cisco",0.166876199053258,0.0136573038178135,0.0283404977444099
"Bearskin- 16022800","Minnesota Gill net mesh = 38.1","Lake Trout",0.313060226649268,0.0256211410187865,0.0177340685892707
"Bemidji (main lake)- 4013002","Minnesota Gill net mesh = 38.1","Cisco",0.133854170531817,0.0109547501956886,0.0114351906661345
"Benedict- 29004800","Minnesota Gill net mesh = 38.1","Cisco",0.112635193344844,0.00921816930644356,0.0294828060383354
"Big Pine- 56013000","Minnesota Gill net mesh = 38.1","Cisco",-0.00662267261464822,-0.00054200570541098,0.0225802434324575
"Big Sandy- 1006200","Minnesota Gill net mesh = 38.1","Cisco",-0.198300690437328,-0.0162291135101924,0.0102448231153579
"Big Trout- 18031500","Minnesota Gill net mesh = 38.1","Lake Whitefish",0.0345951004645481,0.00283129529754766,0.0172520120090386
"Big- 4004900","Minnesota Gill net mesh = 38.1","Cisco",0.100839167807078,0.0082527715713205,0.0167642350122456
"Birch- 69000300","Minnesota Gill net mesh = 38.1","Cisco",-0.12213642846179,-0.00999575925259992,0.0124289838802379
"Blackwater- 11027400","Minnesota Gill net mesh = 38.1","Cisco",0.267612591529679,0.0219016641601887,0.0209872470929252
"Bluewater- 31039500","Minnesota Gill net mesh = 38.1","Lake Trout",0.698427629852661,0.0571599688258059,0.0189604121726568
"Buffalo- 3035000","Minnesota Gill net mesh = 38.1","Cisco",-0.163038149148786,-0.0133431942329196,0.027425728091199
"Burntside- 69011800","Minnesota Gill net mesh = 38.1","Lake Trout",0.088919385093407,0.00727724543346201,0.0142926731790848
"Burntside- 69011800","Minnesota Gill net mesh = 38.1","Lake Whitefish",0.120619118554139,0.00987158119418222,0.0142905722601324
"Caribou- 31062000","Minnesota Gill net mesh = 38.1","Lake Trout",-0.351938262000116,-0.0288029557031968,0.0192007913293941
"Cass- 4003000","Minnesota Gill net mesh = 38.1","Cisco",0.0530139858778519,0.00433871406368759,0.00964031892974601
"Cass- 4003000","Minnesota Gill net mesh = 38.1","Lake Whitefish",0.050184474617133,0.00410714422231537,0.0096434966161579
"Cotton- 3028600","Minnesota Gill net mesh = 38.1","Cisco",0.019105084377217,0.00156357792953651,0.0264970915980521
"Crane- 69061600","Minnesota Gill net mesh = 38.1","Cisco",-0.0240853431485695,-0.00197116695372074,0.0181098576621924
"Cut Foot Sioux- 31085700","Minnesota Gill net mesh = 38.1","Cisco",0.107195283499496,0.00877296200953164,0.0111646189436774
"Dam- 1009600","Minnesota Gill net mesh = 38.1","Cisco",0.233407872507252,0.019102318044071,0.027782000097899
"Dead- 56038300","Minnesota Gill net mesh = 38.1","Cisco",0.253051257232909,0.0207099509763315,0.0289448657448744
"Deer- 4023000","Minnesota Gill net mesh = 38.1","Cisco",-0.00511899424559262,-0.000418943264829429,0.0248657601222784
"Dry- 69006400","Minnesota Gill net mesh = 38.1","Cisco",0.207919422961296,0.0170163195537588,0.0265313672083972
"East Battle- 56013800","Minnesota Gill net mesh = 38.1","Cisco",0.12348622876056,0.0101062281683486,0.0323737052345963
"East Loon- 56052300","Minnesota Gill net mesh = 38.1","Cisco",0.105010500799437,0.00859415735506391,0.0181899615239736
"Eighth Crow Wing- 29007200","Minnesota Gill net mesh = 38.1","Cisco",0.0132087227359614,0.00108101419180043,0.0204798000587822
"Elbow- 3015900","Minnesota Gill net mesh = 38.1","Cisco",-0.333375302337239,-0.0272837457660576,0.014000953278577
"Elbow- 69074400","Minnesota Gill net mesh = 38.1","Lake Whitefish",0.0408037738306727,0.0033394189182185,0.0197812860701784
"Eleventh Crow Wing- 29003600","Minnesota Gill net mesh = 38.1","Cisco",0.221480283693692,0.0181261530477149,0.012301721427172
"Elk- 15001000","Minnesota Gill net mesh = 38.1","Cisco",-0.0166970294810476,-0.0013665004702371,0.0153087725797688
"Elmo- 82010600","Minnesota Gill net mesh = 38.1","Cisco",-0.0256223959611058,-0.00209696078989347,0.0223346143948382
"Fall- 38081100","Minnesota Gill net mesh = 38.1","Cisco",-0.0728137395280843,-0.00595914437461998,0.0173658427493098
"Farm Island- 1015900","Minnesota Gill net mesh = 38.1","Cisco",0.00434839636152696,0.00035587681506753,0.024733905501601
"Flour- 16014700","Minnesota Gill net mesh = 38.1","Cisco",0.0713389994588471,0.00583845027149358,0.0114222182465102
"Garden- 38078200","Minnesota Gill net mesh = 38.1","Cisco",0.0197080953214175,0.00161292890778946,0.0302883477862775
"Girl- 11017400","Minnesota Gill net mesh = 38.1","Cisco",-0.00263435377367517,-0.000215597970560218,0.0229610262923068
"Green- 34007900","Minnesota Gill net mesh = 38.1","Cisco",0.243937833114583,0.0199640998441108,0.0143869923035705
"Greenwood- 16007700","Minnesota Gill net mesh = 38.1","Lake Trout",0.166328903846295,0.0136125126674761,0.0113667301812051
"Greenwood- 16007700","Minnesota Gill net mesh = 38.1","Cisco",0.200858148567746,0.0164384182695686,0.0113614515758408
"Grindstone- 58012300","Minnesota Gill net mesh = 38.1","Lake Trout",0.0435179865482657,0.00356155261925343,0.0181743927111841
"Gull- 11030500","Minnesota Gill net mesh = 38.1","Cisco",0.187412557090259,0.0153380185189748,0.0132995863810265
"Gunflint- 16035600","Minnesota Gill net mesh = 38.1","Lake Trout",-0.172581370009246,-0.0141242203314958,0.0174529496563222
"Hanging Horn- 9003800","Minnesota Gill net mesh = 38.1","Cisco",-0.00908696779836279,-0.000743685922312513,0.0120542303705409
"Inguadona- 11012000","Minnesota Gill net mesh = 38.1","Cisco",0.133713352272698,0.0109432254979858,0.0228520868638742
"Island- 31091300","Minnesota Gill net mesh = 38.1","Cisco",-0.104626174658993,-0.00856270374517256,0.0217893885083942
"Jessie- 31078600","Minnesota Gill net mesh = 38.1","Cisco",0.211810054858684,0.0173347324980094,0.0198163047514737
"Johnson- 69069100","Minnesota Gill net mesh = 38.1","Lake Whitefish",0.00478873342848332,0.000391914411440088,0.0110977354157529
"Kabekona- 29007500","Minnesota Gill net mesh = 38.1","Cisco",0.108823632895048,0.00890622764323362,0.0130947736833337
"Kabetogama- 69084500","Minnesota Gill net mesh = 38.1","Cisco",0.0203707011676742,0.00166715718842581,0.0135676323249501
"Kemo- 16018800","Minnesota Gill net mesh = 38.1","Lake Trout",-0.0766966623368497,-0.00627692639986554,0.0186712802572121
"Kjostad- 69074800","Minnesota Gill net mesh = 38.1","Cisco",-0.0812584188443566,-0.00665026480833461,0.0147197051086752
"Koronis (main lake)- 73020002","Minnesota Gill net mesh = 38.1","Cisco",0.0271570066482967,0.00222255476024955,0.0240837561804273
"Lake of the Woods- 39000200","Minnesota Gill net mesh = 38.1","Cisco",0.061741479458928,0.00505298028068557,0.00846735202120902
"Lake of the Woods- 39000200","Minnesota Gill net mesh = 38.1","Lake Whitefish",0.0589119681982091,0.00482141043931335,0.00847052970762091
"Leech- 11020300","Minnesota Gill net mesh = 38.1","Cisco",0.164053086349648,0.0134262576403246,0.0138002867251302
"Little Bemidji- 3023400","Minnesota Gill net mesh = 38.1","Cisco",0.120694589382939,0.0098777577972218,0.0159611829325138
"Little Boy- 11016700","Minnesota Gill net mesh = 38.1","Cisco",-0.0507824881718473,-0.00415608620955045,0.0202510904389853
"Little Pine- 56014200","Minnesota Gill net mesh = 38.1","Cisco",-0.170172375370267,-0.0139270659627681,0.0210998964379796
"Little Vermilion- 69060800","Minnesota Gill net mesh = 38.1","Cisco",-0.0265348472702733,-0.00217163665630799,0.0151919666188702
"Lizzie (north portion)- 56076001","Minnesota Gill net mesh = 38.1","Cisco",0.0824852832592597,0.0067506725366545,0.0312475189132528
"Long- 11014200","Minnesota Gill net mesh = 38.1","Cisco",0.235427531018347,0.0192676087808611,0.0161429490039323
"Long- 29016100","Minnesota Gill net mesh = 38.1","Cisco",0.00559750512343892,0.00045810504149951,0.0224359231570911
"Long- 3038300","Minnesota Gill net mesh = 38.1","Cisco",0.129271100073149,0.0105796674335717,0.0301571547749882
"Loon- 16044800","Minnesota Gill net mesh = 38.1","Lake Trout",0.236554190594652,0.0193598156517039,0.016616518832035
"Many Point- 3015800","Minnesota Gill net mesh = 38.1","Cisco",0.0757293951051195,0.00619776434720794,0.0207306513859667
"Marion- 56024300","Minnesota Gill net mesh = 38.1","Cisco",-0.0188162427235826,-0.001539938859128,0.0312930901606405
"Mary- 21009200","Minnesota Gill net mesh = 38.1","Cisco",0.0687573205716443,0.00562716326278534,0.0130433628605588
"Mille Lacs- 48000200","Minnesota Gill net mesh = 38.1","Cisco",0.354011647057598,0.0289726434706675,0.00939516006066743
"Miltona- 21008300","Minnesota Gill net mesh = 38.1","Cisco",-0.0745569085791257,-0.00610180695604828,0.0247869723546901
"Mina- 21010800","Minnesota Gill net mesh = 38.1","Cisco",0.0748783015275121,0.00612811005478806,0.0322069760446761
"Molly Stark- 56030300","Minnesota Gill net mesh = 38.1","Cisco",0.0384813953946928,0.00314935330035293,0.0286406112119944
"Moose- 31072200","Minnesota Gill net mesh = 38.1","Cisco",0.0366968945055724,0.00300330808273566,0.011732791673565
"Mule- 11020000","Minnesota Gill net mesh = 38.1","Cisco",0.247789519340652,0.0202793254382863,0.0356645554122801
"Namakan- 69069300","Minnesota Gill net mesh = 38.1","Cisco",0.101982910618969,0.00834637655010148,0.00863844003280904
"Namakan- 69069300","Minnesota Gill net mesh = 38.1","Lake Whitefish",0.0991533993582498,0.00811480670872925,0.00864161771922093
"North Lida- 56074701","Minnesota Gill net mesh = 38.1","Cisco",0.218796122317998,0.0179064787765374,0.0212497696405184
"North Long- 18037200","Minnesota Gill net mesh = 38.1","Cisco",0.142798068409402,0.0116867271422075,0.0321416873113949
"Ojibway- 38064000","Minnesota Gill net mesh = 38.1","Cisco",0.0345878210003491,0.00283069953940623,0.0184764909999314
"Osakis- 77021500","Minnesota Gill net mesh = 38.1","Cisco",0.124661706949512,0.0102024303999959,0.031304636134944
"Otter Tail- 56024200","Minnesota Gill net mesh = 38.1","Cisco",0.074059259255598,0.00606107887112841,0.0112311253690819
"Pelican- 18030800","Minnesota Gill net mesh = 38.1","Cisco",0.132755851523768,0.0108648627433922,0.0220910058266918
"Pike- 16025200","Minnesota Gill net mesh = 38.1","Lake Whitefish",-0.0384711734369395,-0.00314851672579381,0.0326530430283227
"Pine Mountain- 11041100","Minnesota Gill net mesh = 38.1","Cisco",-0.00723137069042207,-0.000591822123817711,0.0257911054948088
"Plantagenet- 29015600","Minnesota Gill net mesh = 38.1","Cisco",-0.062378213710994,-0.00510509120591643,0.0174513720907764
"Pleasant- 11038300","Minnesota Gill net mesh = 38.1","Cisco",-0.0864748015809138,-0.00707717843812326,0.0296991563399691
"Poplar- 16023900","Minnesota Gill net mesh = 38.1","Lake Whitefish",0.108805278449048,0.00890472549824914,0.0230325917760398
"Potato- 29024300","Minnesota Gill net mesh = 38.1","Cisco",0.011584098792977,0.000948053452612274,0.0259137718749192
"Rainy- 69069400","Minnesota Gill net mesh = 38.1","Cisco",0.15592692030908,0.0127612046302509,0.0150430792229414
"Rainy- 69069400","Minnesota Gill net mesh = 38.1","Lake Whitefish",0.153097409048361,0.0125296347888787,0.0150462569093533
"Red (Upper Red)- 4003501","Minnesota Gill net mesh = 38.1","Lake Whitefish",-0.0533197526418065,-0.004363738300915,0.037645027510586
"Round- 18037300","Minnesota Gill net mesh = 38.1","Cisco",-0.0538234916691787,-0.0044049647728789,0.0220993850718622
"Rush- 56014100","Minnesota Gill net mesh = 38.1","Cisco",0.214621767898965,0.0175648457164162,0.0152780668685903
"Saganaga- 16063300","Minnesota Gill net mesh = 38.1","Cisco",0.221313895454862,0.018112535679017,0.0105183253310359
"Saganaga- 16063300","Minnesota Gill net mesh = 38.1","Lake Trout",0.186784650733411,0.0152866300769245,0.0105236039364002
"Saganaga- 16063300","Minnesota Gill net mesh = 38.1","Lake Whitefish",0.218484384194143,0.0178809658376448,0.0105215030174478
"Sallie- 3035900","Minnesota Gill net mesh = 38.1","Cisco",-0.173948247518916,-0.0142360868621168,0.0212728696360278
"Sand Point- 69061700","Minnesota Gill net mesh = 38.1","Cisco",0.0270404207271506,0.00221301325969401,0.00898569312790105
"Sand Point- 69061700","Minnesota Gill net mesh = 38.1","Lake Whitefish",0.0242109094664316,0.00198144341832179,0.00898887081431294
"Sand- 31082600","Minnesota Gill net mesh = 38.1","Cisco",0.0310444368045723,0.00254070567102049,0.0324765165353347
"Sauk- 77015000","Minnesota Gill net mesh = 38.1","Cisco",-0.0649079068694949,-0.00531212365408757,0.0221560144665352
"Sea Gull- 16062900","Minnesota Gill net mesh = 38.1","Lake Trout",-0.0435311904188057,-0.00356263323633698,0.0122611582950539
"Sea Gull- 16062900","Minnesota Gill net mesh = 38.1","Lake Whitefish",-0.0118314569580734,-0.000968297475616774,0.0122590573761015
"Silver Island- 38021900","Minnesota Gill net mesh = 38.1","Lake Whitefish",0.13152127281478,0.0107638236700474,0.0184131948628074
"Snowbank- 38052900","Minnesota Gill net mesh = 38.1","Lake Trout",-0.104109086707277,-0.00852038478478643,0.0205644094208129
"South Lida- 56074702","Minnesota Gill net mesh = 38.1","Cisco",0.0868762417393028,0.00711003267520976,0.0226983770276849
"South Twin- 44001400","Minnesota Gill net mesh = 38.1","Cisco",0.0546290713675107,0.00447089416695667,0.0190768823189827
"Split Hand- 31035300","Minnesota Gill net mesh = 38.1","Cisco",-0.0319121735876057,-0.00261172205889973,0.0195008354596298
"Ten Mile- 11041300","Minnesota Gill net mesh = 38.1","Lake Whitefish",0.00201786944397407,0.000165144317867889,0.0183406479542067
"Tenth Crow Wing- 29004500","Minnesota Gill net mesh = 38.1","Cisco",-0.00331122749497461,-0.00027099394740129,0.0247155051607799
"Third Crow Wing- 29007700","Minnesota Gill net mesh = 38.1","Cisco",0.130928592069867,0.0107153181249416,0.0204765135535652
"Tom- 16001900","Minnesota Gill net mesh = 38.1","Lake Whitefish",0.237389557897065,0.0194281828910901,0.0230483005660578
"Trout- 16004900","Minnesota Gill net mesh = 38.1","Lake Trout",-0.0147526657727925,-0.00120737193035769,0.0216827520194552
"Trout- 69049800","Minnesota Gill net mesh = 38.1","Lake Trout",-0.0627706415171204,-0.00513720786368568,0.0101351212203527
"Trout- 69049800","Minnesota Gill net mesh = 38.1","Cisco",-0.0282413967956691,-0.00231130226159324,0.0101298426149884
"Tulaby- 44000300","Minnesota Gill net mesh = 38.1","Cisco",-0.0241323867434839,-0.0019750170454179,0.0197614716293399
"Turtle- 4015900","Minnesota Gill net mesh = 38.1","Cisco",-0.1199327286091,-0.0098154064007121,0.0239654255109436
"Upper Gull- 11021800","Minnesota Gill net mesh = 38.1","Cisco",0.249668315873002,0.0204330878993187,0.0210432419878429
"Vermilion- 69037800","Minnesota Gill net mesh = 38.1","Cisco",0.108619367972665,0.00888951041141662,0.0105025570027163
"Wabana- 31039200","Minnesota Gill net mesh = 38.1","Cisco",0.350456099221815,0.0286816541186356,0.0167379354168283
"Wabedo- 11017100","Minnesota Gill net mesh = 38.1","Cisco",0.0321875603994197,0.00263425997250095,0.016523988176929
"Washburn- 11005900","Minnesota Gill net mesh = 38.1","Cisco",0.0902514256549754,0.00738626087574917,0.0219866512872299
"White Iron- 69000400","Minnesota Gill net mesh = 38.1","Cisco",-0.0380775571910388,-0.00311630280500468,0.0156084209895346
"Winnibigoshish- 11014700","Minnesota Gill net mesh = 38.1","Cisco",0.223911655560256,0.0183251387896249,0.00831714659380716
"Woman- 11020100","Minnesota Gill net mesh = 38.1","Cisco",0.0622762447096343,0.00509674596771308,0.0110675382497609
"Ada- 11025000","Minnesota Gill net mesh = 50.8","Cisco",0.0298313089118115,0.00244142215248822,0.0273253453370021
"Balsam- 31025900","Minnesota Gill net mesh = 50.8","Cisco",0.201948167713136,0.0165276264533616,0.0320899846887106
"Bearskin- 16022800","Minnesota Gill net mesh = 50.8","Lake Trout",0.235128912186436,0.0192431695370609,0.0182358500228554
"Bemidji (main lake)- 4013002","Minnesota Gill net mesh = 50.8","Cisco",0.0930476910483353,0.00761510984431997,0.0174299432265046
"Big Pine- 56013000","Minnesota Gill net mesh = 50.8","Cisco",0.0901560248151426,0.00737845318201295,0.024702288174065
"Big Sandy- 1006200","Minnesota Gill net mesh = 50.8","Cisco",-0.0882495361473727,-0.00722242437078241,0.012367356885099
"Big Trout- 18031500","Minnesota Gill net mesh = 50.8","Lake Whitefish",0.152261946825321,0.0124612597810999,0.0176791241994469
"Big- 4004900","Minnesota Gill net mesh = 50.8","Cisco",0.080636056476124,0.00659933009148494,0.0193884057400426
"Birch- 69000300","Minnesota Gill net mesh = 50.8","Cisco",-0.008876250736066,-0.000726440641345478,0.0155846348561676
"Blackduck- 4006900","Minnesota Gill net mesh = 50.8","Lake Whitefish",0.048736030728621,0.00398860222315256,0.0259176523528501
"Blackwater- 11027400","Minnesota Gill net mesh = 50.8","Cisco",0.363115226823317,0.0297176889318866,0.0175443334647761
"Bluewater- 31039500","Minnesota Gill net mesh = 50.8","Lake Trout",0.379459981591245,0.031055358910947,0.0201263393263735
"Bowstring- 31081300","Minnesota Gill net mesh = 50.8","Cisco",0.0453339445899183,0.00371017231958191,0.0228164533670304
"Burntside- 69011800","Minnesota Gill net mesh = 50.8","Lake Trout",0.0455468545426194,0.0037275970687455,0.0160273018124472
"Burntside- 69011800","Minnesota Gill net mesh = 50.8","Lake Whitefish",0.0772465880033518,0.00632193282946571,0.0160252008934948
"Caribou- 31062000","Minnesota Gill net mesh = 50.8","Lake Trout",0.00310667090431183,0.000254252845180199,0.0226556034916914
"Cass- 4003000","Minnesota Gill net mesh = 50.8","Lake Whitefish",0.0879869367343966,0.00720093298983209,0.0117227649127179
"Cass- 4003000","Minnesota Gill net mesh = 50.8","Cisco",0.0908164479951155,0.00743250283120432,0.011719587226306
"Cotton- 3028600","Minnesota Gill net mesh = 50.8","Cisco",-0.00203939945001249,-0.000166906353648511,0.0282829112400484
"Cut Foot Sioux- 31085700","Minnesota Gill net mesh = 50.8","Cisco",0.166305829683543,0.0136106242564694,0.0152551036757782
"Dam- 1009600","Minnesota Gill net mesh = 50.8","Cisco",0.224501139369371,0.0183733826945224,0.0242963618222502
"Dead- 56038300","Minnesota Gill net mesh = 50.8","Cisco",0.254400731258008,0.0208203931895386,0.0325736173743724
"Deer- 31033400","Minnesota Gill net mesh = 50.8","Cisco",0.124177179311424,0.0101627762060543,0.0234539391652983
"Deer- 4023000","Minnesota Gill net mesh = 50.8","Cisco",0.144755215446805,0.0118469018816705,0.0258202999665416
"Devil Track- 16014300","Minnesota Gill net mesh = 50.8","Lake Whitefish",0.00913948266844129,0.000747983788273532,0.0243445376785486
"Eagle- 29025600","Minnesota Gill net mesh = 50.8","Cisco",0.107509368806239,0.00879866704406161,0.0263794303420744
"East Battle- 56013800","Minnesota Gill net mesh = 50.8","Cisco",0.131608055780772,0.0107709260689484,0.0303060704519817
"Elbow- 3015900","Minnesota Gill net mesh = 50.8","Cisco",-0.2724144304111,-0.022294651134124,0.0137738999136945
"Elbow- 69074400","Minnesota Gill net mesh = 50.8","Lake Whitefish",0.172746334723695,0.0141377211976303,0.0176109002094825
"Eleventh Crow Wing- 29003600","Minnesota Gill net mesh = 50.8","Cisco",0.263409545545164,0.0215576829555806,0.0220726516780561
"Fall- 38081100","Minnesota Gill net mesh = 50.8","Cisco",0.00752795214257175,0.000616094626557564,0.0208621100351024
"Flour- 16014700","Minnesota Gill net mesh = 50.8","Cisco",0.0674665817526346,0.00552152799364168,0.0192367325875782
"Girl- 11017400","Minnesota Gill net mesh = 50.8","Cisco",0.0383302989776651,0.00313698742861785,0.0237483748159474
"Green- 34007900","Minnesota Gill net mesh = 50.8","Cisco",0.168411594892507,0.0137829620457465,0.0172931555672451
"Greenwood- 16007700","Minnesota Gill net mesh = 50.8","Lake Whitefish",0.0524344976262452,0.00429128820454203,0.0176668392379628
"Greenwood- 16007700","Minnesota Gill net mesh = 50.8","Cisco",0.0552640088869642,0.00452285804591426,0.0176636615515509
"Greenwood- 16007700","Minnesota Gill net mesh = 50.8","Lake Trout",0.0207347641655129,0.00169695244382182,0.0176689401569152
"Grindstone- 58012300","Minnesota Gill net mesh = 50.8","Lake Trout",0.245469484555489,0.0200894516269901,0.0227301857017324
"Gull- 11030500","Minnesota Gill net mesh = 50.8","Cisco",0.102668323071213,0.0084024713446493,0.0259990957232866
"Gunflint- 16035600","Minnesota Gill net mesh = 50.8","Lake Trout",0.0597671380052528,0.00489139833415322,0.0184177817998837
"Ida- 21012300","Minnesota Gill net mesh = 50.8","Cisco",-0.0584399152595755,-0.00478277718641338,0.0232477883731973
"Inguadona- 11012000","Minnesota Gill net mesh = 50.8","Cisco",0.067997113641866,0.00556494721841657,0.029518801447539
"Island- 29025400","Minnesota Gill net mesh = 50.8","Cisco",0.0419691753943451,0.00343479646945185,0.0274125541033662
"Jessie- 31078600","Minnesota Gill net mesh = 50.8","Cisco",0.0635993420964894,0.00520502949223816,0.0206447633574547
"Johnson- 69069100","Minnesota Gill net mesh = 50.8","Lake Whitefish",-0.0133192819246717,-0.00109006245895078,0.0115901132819266
"Kabekona- 29007500","Minnesota Gill net mesh = 50.8","Cisco",0.0894728248922576,0.00732253946293209,0.0278727883671571
"Kabetogama- 69084500","Minnesota Gill net mesh = 50.8","Cisco",0.136719161170968,0.0111892237024922,0.0157587194962064
"Kemo- 16018800","Minnesota Gill net mesh = 50.8","Lake Trout",0.0186517652699612,0.00152647787087424,0.02504312336444
"Koronis (main lake)- 73020002","Minnesota Gill net mesh = 50.8","Cisco",-0.0196066232500057,-0.00160462433879667,0.0230038686581576
"Lake of the Woods- 39000200","Minnesota Gill net mesh = 50.8","Cisco",0.201071620410997,0.016455889004379,0.00961767782313719
"Lake of the Woods- 39000200","Minnesota Gill net mesh = 50.8","Lake Whitefish",0.198242109150278,0.0162243191630067,0.00962085550954908
"Leech- 11020300","Minnesota Gill net mesh = 50.8","Lake Whitefish",0.346630586743896,0.0283685706084275,0.0183026529327421
"Leech- 11020300","Minnesota Gill net mesh = 50.8","Cisco",0.349460098004615,0.0286001404497997,0.0182994752463302
"Little Bemidji- 3023400","Minnesota Gill net mesh = 50.8","Cisco",0.0283065426414042,0.00231663385838607,0.0168179235341588
"Little Boy- 11016700","Minnesota Gill net mesh = 50.8","Cisco",-0.145774668184946,-0.0119303348448593,0.0212027862431104
"Little Pine- 56014200","Minnesota Gill net mesh = 50.8","Cisco",0.075790046652451,0.00620272812642647,0.0286518814133502
"Long- 11014200","Minnesota Gill net mesh = 50.8","Cisco",0.0818789372114675,0.00670104861041212,0.0193173296266839
"Long- 3038300","Minnesota Gill net mesh = 50.8","Cisco",0.0863730399772973,0.0070688501735447,0.0322682246386559
"Mary- 21009200","Minnesota Gill net mesh = 50.8","Cisco",-0.0274016050039463,-0.00224257291787416,0.0129656092782858
"Mille Lacs- 48000200","Minnesota Gill net mesh = 50.8","Cisco",0.113855015937234,0.00931800072543924,0.0107907002200692
"Miltona- 21008300","Minnesota Gill net mesh = 50.8","Cisco",0.0182808141006185,0.00149611888109601,0.0228489044623998
"Mule- 11020000","Minnesota Gill net mesh = 50.8","Cisco",0.267797760921213,0.0219168185959458,0.0332120156029598
"Namakan- 69069300","Minnesota Gill net mesh = 50.8","Lake Whitefish",0.0991925220577567,0.00811800854695645,0.00898858166507519
"Namakan- 69069300","Minnesota Gill net mesh = 50.8","Cisco",0.102022033318476,0.00834957838832867,0.0089854039786633
"North Lida- 56074701","Minnesota Gill net mesh = 50.8","Cisco",0.0976853875836369,0.00799466325551207,0.0237517642317668
"North Long- 18037200","Minnesota Gill net mesh = 50.8","Cisco",0.131153519432383,0.0107337263901361,0.0332525399093726
"Osakis- 77021500","Minnesota Gill net mesh = 50.8","Cisco",-0.00018667723996596,-1.52778394795074e-05,0.0287956362119227
"Otter Tail- 56024200","Minnesota Gill net mesh = 50.8","Cisco",0.0379010625109418,0.00310185831572468,0.0219730145951106
"Pike- 16025200","Minnesota Gill net mesh = 50.8","Lake Whitefish",0.13364501396554,0.0109376326271717,0.0281445572049958
"Pine Mountain- 11041100","Minnesota Gill net mesh = 50.8","Cisco",0.0471595597796877,0.00385958236992191,0.0214142567848038
"Plantagenet- 29015600","Minnesota Gill net mesh = 50.8","Cisco",-0.0193634359889155,-0.00158472166646728,0.0206466188471125
"Pleasant- 11038300","Minnesota Gill net mesh = 50.8","Cisco",0.0588288562920362,0.00481460848337284,0.0300314224725235
"Poplar- 16023900","Minnesota Gill net mesh = 50.8","Lake Whitefish",-0.0021201354845941,-0.000173513866041424,0.0226030753139533
"Potato- 29024300","Minnesota Gill net mesh = 50.8","Cisco",0.124047727903338,0.0101521817820447,0.021844126861719
"Rainy- 69069400","Minnesota Gill net mesh = 50.8","Cisco",0.185121910187505,0.0151505498393924,0.0206515950880523
"Rainy- 69069400","Minnesota Gill net mesh = 50.8","Lake Whitefish",0.182292398926786,0.0149189799980202,0.0206547727744642
"Red (Upper Red)- 4003501","Minnesota Gill net mesh = 50.8","Lake Whitefish",0.0478658893537807,0.00391738904123648,0.0343989401338686
"Rush- 56014100","Minnesota Gill net mesh = 50.8","Cisco",0.0598186229561262,0.00489561191056563,0.0183383015739696
"Saganaga- 16063300","Minnesota Gill net mesh = 50.8","Lake Trout",0.090730149326192,0.0074254400676272,0.0105042500967629
"Saganaga- 16063300","Minnesota Gill net mesh = 50.8","Lake Whitefish",0.122429882786924,0.0100197758283474,0.0105021491778105
"Sand Point- 69061700","Minnesota Gill net mesh = 50.8","Cisco",0.0184609977420347,0.00151086527841201,0.0108595026648069
"Sand- 31082600","Minnesota Gill net mesh = 50.8","Cisco",0.0439565167050041,0.00359744233640799,0.0305431416792341
"Sauk- 77015000","Minnesota Gill net mesh = 50.8","Cisco",0.114255358275616,0.00935076511591219,0.0248028810244837
"Sea Gull- 16062900","Minnesota Gill net mesh = 50.8","Lake Whitefish",0.0433215947851655,0.00354547973413744,0.0132717387941231
"Sea Gull- 16062900","Minnesota Gill net mesh = 50.8","Lake Trout",0.0116218613244331,0.000951143973417229,0.0132738397130755
"Silver Island- 38021900","Minnesota Gill net mesh = 50.8","Lake Whitefish",0.208289382595264,0.0170465973953569,0.0197318069381699
"Snowbank- 38052900","Minnesota Gill net mesh = 50.8","Lake Trout",0.154194094771656,0.012619388571627,0.0199567065723449
"South Lida- 56074702","Minnesota Gill net mesh = 50.8","Cisco",0.0911801508628545,0.00746226861321699,0.0199628224034949
"South Twin- 44001400","Minnesota Gill net mesh = 50.8","Cisco",-0.0844414551494794,-0.00691076746916235,0.018646202623114
"Split Hand- 31035300","Minnesota Gill net mesh = 50.8","Cisco",0.0785584748680715,0.00642929887440036,0.0195465589077191
"Sullivan- 49001600","Minnesota Gill net mesh = 50.8","Cisco",0.0756064569132106,0.00618770297088683,0.0358093546078483
"Ten Mile- 11041300","Minnesota Gill net mesh = 50.8","Lake Whitefish",0.0868516469124062,0.00710801981163078,0.0204566045006554
"Third Crow Wing- 29007700","Minnesota Gill net mesh = 50.8","Cisco",0.032066717761041,0.00262437009823579,0.0255421265637055
"Tom- 16001900","Minnesota Gill net mesh = 50.8","Lake Whitefish",-0.0183870316220943,-0.00150481182214933,0.0194249669380295
"Trout- 16004900","Minnesota Gill net mesh = 50.8","Lake Trout",-0.0681214797005828,-0.00557512545268937,0.0253329795163053
"Trout- 31041000","Minnesota Gill net mesh = 50.8","Lake Trout",0.238094583166971,0.0194858828169331,0.0275135600553487
"Trout- 69049800","Minnesota Gill net mesh = 50.8","Lake Trout",-0.0417007238227281,-0.00341282614237859,0.0177621578915663
"Trout- 69049800","Minnesota Gill net mesh = 50.8","Cisco",-0.00717147910127688,-0.000586920540286159,0.017756879286202
"Turtle- 4015900","Minnesota Gill net mesh = 50.8","Cisco",-0.0513002874239719,-0.00419846338342558,0.0225080352061894
"Two Inlets- 3001700","Minnesota Gill net mesh = 50.8","Cisco",0.136500982191776,0.0111713677312848,0.0260541099708651
"Upper Gull- 11021800","Minnesota Gill net mesh = 50.8","Cisco",0.121203749809151,0.00991942796152458,0.0226145014770948
"Upper South Long- 18009600","Minnesota Gill net mesh = 50.8","Cisco",0.0995711487241929,0.00814899570657766,0.0324591808539099
"Upper Trelipe- 11010500","Minnesota Gill net mesh = 50.8","Cisco",0.0681392702884518,0.00557658145099831,0.0287519918839726
"Vermilion- 69037800","Minnesota Gill net mesh = 50.8","Cisco",0.0233988092879606,0.00191498038206615,0.012021393243748
"Wabedo- 11017100","Minnesota Gill net mesh = 50.8","Cisco",0.151437715629863,0.0123938039310963,0.02420447545715
"Washburn- 11005900","Minnesota Gill net mesh = 50.8","Cisco",0.0857516027889476,0.0070179911742798,0.0202183628728532
"White Iron- 69000400","Minnesota Gill net mesh = 50.8","Cisco",-0.0475183019575269,-0.0038889421644451,0.0282575136681301
"Whitefish- 18031000","Minnesota Gill net mesh = 50.8","Lake Whitefish",0.18049236914344,0.0147716638812117,0.023001156580175
"Winnibigoshish- 11014700","Minnesota Gill net mesh = 50.8","Cisco",0.433825527966949,0.0355046859467184,0.0093084583618734
"Woman- 11020100","Minnesota Gill net mesh = 50.8","Cisco",-0.00808473901274571,-0.000661662583467396,0.0123327652719995
"Lake Hovsgol","Mongolia Horizontal Gillnet: mesh = 25.4","Hovsgol Grayling",-0.181060083991414,-0.01481812619402,0.022985355034496
"Crystal Lake","NTL LTER Trammel","Lake Trout",0.0293239716918825,0.00239990120108853,0.0323909436069044
"Trout Lake","NTL LTER Trammel","Cisco",0.100991763415699,0.00826526013829427,0.0221458531510133
"Big Muskellunge Lake","NTL LTER Vertical Gill-19mm","Cisco",0.00545892851568486,0.000446763802635751,0.00755383802257163
"Trout Lake","NTL LTER Vertical Gill-19mm","Cisco",0.0754135336262667,0.00617191394909539,0.00709145260768124
"Big Muskellunge Lake","NTL LTER Vertical Gill-25mm","Cisco",0.566329587793995,0.0463489418227415,0.016258189445838
"Trout Lake","NTL LTER Vertical Gill-25mm","Lake Trout",-0.0288559447902992,-0.00236159744281685,0.00643303208787106
"Trout Lake","NTL LTER Vertical Gill-25mm","Cisco",0.00567329993115204,0.000464308159275583,0.00642775348250678
"Big Muskellunge Lake","NTL LTER Vertical Gill-32mm","Cisco",0.12975786286094,0.0106195045542502,0.0105713470994258
"Sparkling Lake","NTL LTER Vertical Gill-32mm","Cisco",0.218472646671977,0.0178800052278801,0.029515295076511
"Trout Lake","NTL LTER Vertical Gill-32mm","Lake Trout",-0.0465293703887016,-0.00380800708222787,0.00642159865975198
"Trout Lake","NTL LTER Vertical Gill-32mm","Cisco",-0.0120001256672504,-0.000982101480135439,0.0064163200543877
"Big Muskellunge Lake","NTL LTER Vertical Gill-38mm","Cisco",0.169347556426233,0.0138595620108728,0.00805321308658223
"Sparkling Lake","NTL LTER Vertical Gill-38mm","Cisco",0.247668891762603,0.0202694531647592,0.0297739674604384
"Trout Lake","NTL LTER Vertical Gill-38mm","Lake Trout",-0.0113200638503425,-0.000926444586575432,0.00643144046680935
"Trout Lake","NTL LTER Vertical Gill-38mm","Cisco",0.0232091808711088,0.001899461015517,0.00642616186144507
"Big Muskellunge Lake","NTL LTER Vertical Gill-51mm","Cisco",0.155745407888736,0.0127463494844277,0.00893036649349965
"Lake Mendota","NTL LTER Vertical Gill-51mm","Cisco",-0.168424570422858,-0.013784023975256,0.0159655168801538
"Sparkling Lake","NTL LTER Vertical Gill-51mm","Cisco",0.184860093704848,0.0151291225341898,0.0298680947429099
"Trout Lake","NTL LTER Vertical Gill-51mm","Lake Whitefish",0.0749665879757129,0.00613533550007573,0.00681942397162528
"Trout Lake","NTL LTER Vertical Gill-51mm","Lake Trout",0.0432668545149806,0.00354099973935552,0.00682152489057767
"Trout Lake","NTL LTER Vertical Gill-51mm","Cisco",0.0777960992364318,0.00636690534144796,0.00681624628521339
"Big Muskellunge Lake","NTL LTER Vertical Gill-64mm","Cisco",0.132574043289749,0.0108499833879019,0.0100336176442396
"Lake Mendota","NTL LTER Vertical Gill-64mm","Cisco",-0.174092696074257,-0.0142479086666492,0.0137341153951821
"Sparkling Lake","NTL LTER Vertical Gill-64mm","Cisco",0.100473207803656,0.00822282106321776,0.0304796326775327
"Trout Lake","NTL LTER Vertical Gill-64mm","Cisco",0.144656713054721,0.0118388403540045,0.00755760507380612
"Trout Lake","NTL LTER Vertical Gill-64mm","Lake Whitefish",0.141827201794002,0.0116072705126323,0.00756078276021801
"Trout Lake","NTL LTER Vertical Gill-64mm","Lake Trout",0.11012746833327,0.00901293475191209,0.00756288367917041
"Big Muskellunge Lake","NTL LTER Vertical Gill-89mm","Cisco",0.0210949612227584,0.00172643130703295,0.0115800627564752
"Crystal Lake","NTL LTER Vertical Gill-89mm","Lake Trout",0.185565569775292,0.0151868593539695,0.0311864840990193
"Lake Mendota","NTL LTER Vertical Gill-89mm","Cisco",0.14043915885778,0.011493671783756,0.0120721455153664
"Trout Lake","NTL LTER Vertical Gill-89mm","Lake Trout",0.00173658270710515,0.000142123548895831,0.00742864762427833
"Trout Lake","NTL LTER Vertical Gill-89mm","Lake Whitefish",0.0334363161678375,0.00273645930961604,0.00742654670532593
"Trout Lake","NTL LTER Vertical Gill-89mm","Cisco",0.0362658274285564,0.00296802915098827,0.00742336901891404
"Skyln Pyhjrvi","Skyln Pyhjrvi Fyke Net","Common Whitefish",0.158316583189748,0.0129567768698428,0.0126453748208963
"Skyln Pyhjrvi","Skyln Pyhjrvi Winter Seine","Common Whitefish",-0.0485723927823681,-0.00397520994096505,0.0125558920440499
"Skyln Pyhjrvi","Skyln Pyhjrvi Winter Seine","Vendace",-0.107380019876223,-0.00878808100695292,0.0125567437219705
"Blackstrap Reservoir","Saskatchewan Blackstrap Res Standard Gillnet","Lake Whitefish",0.107030793448666,0.00875949999031055,0.0154393428348523
"Bradwell Reservoir","Saskatchewan Bradwell Res Standard Gillnet","Lake Whitefish",0.0191412124609722,0.00156653468561676,0.0162905052857166
"Cold Lake","Saskatchewan Cold Lake Commercial Gillnet","Lake Trout",-0.16606149991135,-0.0135906280799656,0.0151094433636771
"Dore Lake","Saskatchewan Dore Lake Commercial Gillnet","Lake Whitefish",0.0945604759803972,0.00773891757451393,0.0126752558350931
"Dore Lake","Saskatchewan Dore Lake Standard Gillnet","Lake Whitefish",0.143628881351419,0.0117547216484898,0.0122606205988612
"Jackfish Lake","Saskatchewan Jackfish Lake Commercial Gillnet","Lake Whitefish",0.117213677672193,0.00959287673529467,0.0122165314609108
"Jackfish Lake","Saskatchewan Jackfish Lake Standard Gillnet","Lake Whitefish",-0.0667506755386091,-0.00546293756118051,0.0126113648882646
"Keeley Lake","Saskatchewan Keeley Lake Commercial Gillnet","Lake Whitefish",0.136101377885415,0.0111386637420411,0.0157488361573973
"Lake Lenore","Saskatchewan Lake Lenore Commercial Gillnet","Lake Whitefish",0.190232652554663,0.0155688177627921,0.0123221469919816
"Lake Lenore","Saskatchewan Lake Lenore Std Gillnet","Lake Whitefish",0.271588110337627,0.0222270243283949,0.0131189597817776
"Murray Lake","Saskatchewan Murray Lake Standard Gillnet","Lake Whitefish",0.323428575248543,0.026469696341311,0.0150110431756944
"Pierce Lepine","Saskatchewan Pierce Lepine Commercial Trap","Lake Whitefish",0.0991535118139715,0.00811481591221043,0.0225755773198611
"Primrose Lake","Saskatchewan Primrose Lake Commercial Gillnet","Lake Whitefish",0.140472237420578,0.0114963789641961,0.0148065057722291
"Zelma Reservoir","Saskatchewan Zelma Res Standard Gillnet","Lake Whitefish",0.197440004199789,0.0161586741455342,0.0161627348376279
"Big Carr Lake- 971600","WI Boom Shocker","Cisco",0.0501947200972801,0.00410798272196913,0.0319089124349374
"Green Lake- 146100","WI Bottom Gill Net","Cisco",0.0260867617061256,0.00213496491569632,0.0146629616415094
"Chain O' Lakes- 261100","WI Fyke Net","Cisco",-0.102173230994575,-0.00836195254720067,0.0179451920079317
"Pallette- 1872100","WI Vertical Gill Net mesh = 12.7","Cisco",-0.125848006036699,-0.01029951822405,0.0349681292599572
"Big Green- 146100","WI Vertical Gill Net mesh = 19","Cisco",0.011921145180402,0.000975637643406851,0.0334054913279323
"Pallette- 1872100","WI Vertical Gill Net mesh = 19","Cisco",-0.0886307009992353,-0.00725361925786692,0.0345728237360017
"Pike- 2299900","WI Vertical Gill Net mesh = 19","Cisco",0.0079963196788916,0.000654426262693881,0.0342741533794628
"Sevenmile- 1605800","WI Vertical Gill Net mesh = 19","Cisco",-0.0521202174923313,-0.00426556722517459,0.0354634818417376
"Tomahawk- 1542700","WI Vertical Gill Net mesh = 19","Cisco",0.0222486150898874,0.00182084741582116,0.0359345518723315
"Trude- 2295200","WI Vertical Gill Net mesh = 19","Cisco",-0.128867076778292,-0.0105466017901866,0.0344886027157059
"Two Sisters- 1588200","WI Vertical Gill Net mesh = 19","Cisco",-0.0189441966643902,-0.00155041072901844,0.0352248453440992
"Big Green- 146100","WI Vertical Gill Net mesh = 25.4","Cisco",0.135995487962486,0.0111299976119585,0.0303610921764396
"Pike- 2299900","WI Vertical Gill Net mesh = 25.4","Cisco",0.0811044598806781,0.00663766466311101,0.0306238561197129
"Sevenmile- 1605800","WI Vertical Gill Net mesh = 25.4","Cisco",0.0325299647752181,0.00266228266606275,0.0325655205188864
"Tomahawk- 1542700","WI Vertical Gill Net mesh = 25.4","Cisco",0.103549030072295,0.00847454922727419,0.0332547626702636
"Trude- 2295200","WI Vertical Gill Net mesh = 25.4","Cisco",-0.126517221541563,-0.0103542874453133,0.0335341144773185
"Two Sisters- 1588200","WI Vertical Gill Net mesh = 25.4","Cisco",-0.0320208072268762,-0.00262061273728747,0.0366313738566081
"Big Green- 146100","WI Vertical Gill Net mesh = 32","Cisco",0.117649614462968,0.00962855420895932,0.0301865161989961
"Big Muskellunge- 1835300","WI Vertical Gill Net mesh = 32","Cisco",0.128810127551824,0.0105419410123617,0.0363250911145612
"Pike- 2299900","WI Vertical Gill Net mesh = 32","Cisco",0.103077832053517,0.00843598594181282,0.0281741625011212
"Sevenmile- 1605800","WI Vertical Gill Net mesh = 32","Cisco",-0.0213577386927904,-0.00174793726033884,0.0335851296953972
"Tomahawk- 1542700","WI Vertical Gill Net mesh = 32","Cisco",0.103437174587799,0.00846539487006737,0.0298780198526594
"Trude- 2295200","WI Vertical Gill Net mesh = 32","Cisco",-0.0944935683317536,-0.00773344179012739,0.0315294332806009
"Big Green- 146100","WI Vertical Gill Net mesh = 38.1","Cisco",0.0342053990061505,0.00279940176662008,0.0318979844767531
"Big Muskellunge- 1835300","WI Vertical Gill Net mesh = 38.1","Cisco",0.110218976112259,0.00902042383391679,0.0363700819882011
"Pike- 2299900","WI Vertical Gill Net mesh = 38.1","Cisco",0.00942580843312728,0.000771416955983305,0.0316167960859567
"Sevenmile- 1605800","WI Vertical Gill Net mesh = 38.1","Cisco",0.0224888973484409,0.00184051234003272,0.0356914599874765
"Tomahawk- 1542700","WI Vertical Gill Net mesh = 38.1","Cisco",0.0588265906119804,0.0048144230580033,0.0352314351846208
"Trude- 2295200","WI Vertical Gill Net mesh = 38.1","Cisco",0.00514479085276018,0.000421054483226989,0.0356535226349265
"Two Sisters- 1588200","WI Vertical Gill Net mesh = 38.1","Cisco",0.0793267457806439,0.0064921748826443,0.0364455210356186
"Big Green- 146100","WI Vertical Gill Net mesh = 45","Cisco",0.0666480825787009,0.00545454125762743,0.0345138108600574
